img,text
13215-1.jpg,"نا من الوم الى اذا دخلت حمام
فيه بليو وفيه ستار؛

   
"
hqdefault18-310x165.jpg,"0
ا(
"
7a2cd625b3209fe65ab4f332bdddb1e3.jpg," 
"
img_1418379759_827.jpg," 
"
img_1386287359_597.jpg," 

 
"
13443931142.jpg," 
  
  
   

ب أحبت وأحتام
تا
ِ الله لعزي الغفام
أذبا لال عا
وأزسعدهم

ما تعاق ب اليل وانهاس ..
0 :1 انل

1 معالأبرام :.
1 خب
ب 2
"
16093E444F24BD2E1203AD," 

ب الحجز الأسود ليس أسود الون أصلاًلقوله صلى اله
عليه وسلم في الحديث الصحيح “نزل الحجر الأسود.

 

ل "" المغضوب عليهم"" هم اليهود متهم الله لأهم علدو
الحق ولم يتبعوه فاستحقوا الغضب من رب السماولة.

بق قرافوش شخصية حقيقية وليست خيالية كنا يطن
البعض, فقد كان وزيراً في مصر قي عهد صلاح الدين.

ول اشتهرالمتتصع العباسي ياسم (العش) لأن الرقم 5
لعب دوراً هاما شي حيائه. فهو ثامن الخلفاء العباسيي.

   

هل أكبرجزء من فيتامينات الفاكهة يؤجد في قشرهاء
ولذلك ينبغي أن تكلها بقشرها كلما استطعا ذالك.

يي كلع دكتوركلمة لثينية ومعاها مهندس أو مط وأول
جامعة منحت هذا للقب هي جامعة بولونية إيطالية.

 

الصحابي الجليل حسان بن ثارت شاعر الرسول صلى.
الله عليه وسلم عاش 120 عاماً وعاش جد آبيه 7120

بول تزوجت السيدة أسماء بنت عميس رضي اله عنيا
بخليفتين هن خلفاء رسول الله صلى الله عليه وسلم....
"
2-7.jpg," 

 

 
"
jWFzQih3Z4nsYousjUIQ50GmYJXaSoiuTnDy,"ي لا تبج ٍ 0 حجاب المراة المسلمة

سا#سمفممسسددرتتاا

 
"
hijab-islam.png,"فأ بيو عونا

76]6 5010115 116نا
1606 ا كص اناف أنا0
‎١210306 031 12 08606‏ عز
1655 85 2 10100116 ةا ع
1 06 1165516015 65
‎١6‏ ا 0305 1610082-13
ن | 0305 1610062-13
0 أناه) أفو031ي دنا اموي

 
"
9.jpg,"ال ا ا

حر

اا و7 ان

اا ا

ا
اناد ©

إباهير | محفتعتما
"
947-9.jpg,"ممصم تح ا
: إلى أحبك في الل

   

قال رسول الله صلى الله عليه وسلم:

إذا أحب الرجل أخاه ا ‎١‏
‏فليخبره أنه يحبه
صححه الألباني 8

1
"
2947891339_75854ca9b6.jpg," 
"
55-2.jpg,"لما زوجتك تقط رأسها على صدرك
و تسألك بصوت ناعم:
في وحدة تائية غيري بحياتك؟
تذكر دائما ان اجابتك غير مهمة إطلاقا
المهم دقات قلبك لا تتسارع

ا
هذه حركات الاستخبارات العسكرية

وفقك الله و ثبتك عند السؤال

 
"
shof_0485242f00dff66.jpg,"دكي أأوة لت ل ا ا قا كن محازت
س1 ما موفقه من عثمان بن عفان ؟

كان يعالف عثمان ي الرأي نه يرى ضرورة العيش على طريقة الي وصحبه ولا برق عيشة الترف فأسثان عتما:
في العروج إلى الشام فآذن له

سا1 لماذا كاتب معاوية علمان؟ وما نتيجة الل

اتتشرث دعوة أبي فر الشام فخاف مماوبة وكتب إلى عثمان ومكب عتمان من أبى قر أن بيه المديئة فطلب
فرمته أن يسيج له في العيش في الريدة فأذن له ومات هناد وحيدا كما أخبر الي صلى لله عليه وسلم

يواطر إسلامية

مالا لذكز بعض الأمور المهلة بالنوازت المي
من الأمور ١«ثلوث‏ الماء ؟ ثلوث اليواء * الفا على الأشجار 4:السيد الجائر
مس١‏ ما ميمة الإنسان في الأيض ؟

 
"
%25D9%2585%25D8%25B1%25D8%25A7%25D8%-2.jpg," 

 

 

 

 

 

 

 

 

 

 

 

 

لح ل ل ل
"
rectangle-shutter-940x1207.png," 
"
20160803-937.jpg," 
"
904.png,"تردد القنوات الاسلامية
على النايل سات

على موق ©

يي

تدا

ان

أن :* 5 رق

كن -

الحافظ
"
8r1XIH.jpg," 
"
333-2.jpg," 

0000
0010
201
18077
تقفو
0م
اا
عتم

20/09/0170
20/09/2017 0939
20/09/2017 099
20/09/2017 099
20/09/2017 099
20/09/2017 0919
20/09/2017 099
20/09/2017 099

 

00 7292 253995 لاض سفن

 

 

0001040 72692 175917 -.القرأن المي والعد 2
امس الا ال ا
.0 4ها 000 72960 0 6و9و7 مك لوقف 21110
جح اي ا
و م لاا
ييا لعي و ترا جف القران اجا
ام م لأا لاط

لامارات
"
%25D8%25AA%25D8%25AD%25D8%25B6%25D9%.jpg," 
"
%25D8%25AE%25D9%2584%25D9%2581%25D9%-4.gif," 
"
%25D9%2585%25D8%25AC%25D9%2585%25D9%-1.webp,"اليد بالنسية لي
د الال © 7 اليتآمى 8
وضحكة امهات الشهداء © وابتسآمة
الأجداد ©
اللهم صبر كل من فقد عزيز
وهون فراغ مكانيم ©

»انا20 2160©
"
img_1383481718_688.png," 

 
"
islamic-pictures-do3a25.jpg,"  

5 ب ا
"
221-3.jpg," 

مره واحده رايحه تشتكي لأمها
يا مامايا ماما الحقيني ؟؟
الام : مالك في ايه
: كل ما اعمل اكل لجوزي
ياخده ويرميه للكلب !!
الام : يا حرام والكلب ذنبه ايه بس؟؟

  

 

 
"
9-468.png,"متى ياتي كان هناك برنامج محدد للرباط بين عامي ‎©21٠١‏
‏المرابطون؟ و 0 أي في فترة وجود مشروع مصاطب
العلم والرباط ولكن بعدما حظرهم
الاحتلال لم يتبق أي برنامج حيث أن الرباط
أصبح فردي وغير منظم بيوم أو ساعة أو
ما

1005066077

 

 

 
"
20160719-3249.jpg," 

 

 

 

 

 

 

 
"
3249-1.png," 
"
a02d53d439859d687f7fc327a32c16e7-1.jpg," 
"
d9yj.jpg,"ا ا ار ا

الحديتث ططحيخ ووااه مل
"
islam-15.jpg," 

ع ابل لتر نر رج ونا درس ا.
"
0AF7C102_0499.jpg,"مألرجل أحة لما المح واللقة
فقال له: ما معنى الكُمُوج؟
فقال له العحوي اللغوي: أين وجدت هذه العبارة؟
فقال له:
وجدتها في قول امرئٌ القيس:
وي كَمَوْجالسَحْ راز مُدُولةٌ **عَ بَانواع الْهُنوم لب

فقال النحوي: (الكُمُّوجٌ): دابة تقرأ ولا تفهم.

 
"
25677fadaeyat.jpg,"  
"
3737-8.jpg,"      

انول الا سبىبوةالقيامة

ّ ل

0203 قاع قمعم""
"
ashom101.gif," 
"
PIC-142-1374236801.jpg," 
"
pic_1484587871_213.jpg,"/

/

عن أبي هريرة رضي الله عنه عن رسول الله صلى الله عليه""
وسلم غالء ( إن الع اذا أخطأ خطيئةٌ نكتت لي قلبه نكتة ل
سوداء فإذا هو نزع ار وتاب سق عليه وان عاد ريد فيه
حَتى تعلو قلبه وهو الران الذي ذكر الله: كلا بل ران على

ما كانوا يكسبون ) ).

     

( أخرجه الترمذي وحسنه الألباني )

 

 

 

 

 
"
Esm3ha.Com_.Cnbc_.Arabia.jpg," 
"
img_1386287351_215.jpg,"سف دبنية
"
494.jpg,"عبدالرحمن

2007م
"
img_1386287345_876.jpg," 
"
maxresdefault-10.jpg,"بطي بتقول الإخطار متجلوكن البصل يجى؛هنا
علشان ريحته وحشه وبيطفش الناس
سمع البصل الكلام ده زعل

 

رد وقال
تروح تشوف نفسها الصايعه
اى حد يطبطب عليها شويه تروح معاه
يا بطيخه يا منجرفه
"
2181-3.png," 

 
"
Im3cRIb.png," 
"
img_1419386969_185.jpg,"في فته الحركات الإبلامية (؟

   
"
6274-8.jpg,"""""-

28011501150. 01

اله أكير

ل إله إلا الله
"
img_1418380059_950.gif," 

 

١ح‏ ملم
7 ذ/
"
1443446729535.jpg," 
"
31275.jpg,
7alat-dinya-14.jpg," 
"
ramadan-new-tr3-768x461.jpg,"إسلامية الصف الأول
مُرَاجَعَةٌ تربية إسلاميٍ
الثالث
الفصل الدراسي ‎١‏

826
( الام الدَرَاسي 19-2018
اثلث |

 

 

 

 

 

 

 

 
"
%25D9%2586%25D9%2583%25D8%25AA%2B%25.png," 
   

ان الله والحْمْدُ لله
طن

 
"
8373-1840784193.png,
e9b0e968ee6435d45df31840c59cbe97-1.jpg," 
"
%25D9%2585%25D8%25B1%25D8%25A7%25D8%.jpg,"كا

ا قصص مؤثرة للف . تج

 

كان هناك عرس في أحد قصور الافراح
خلال السنة الماضية

فكانت هناك ا بدأت تر طق
على حالها 4"" عدة ساعات وهي لابسة
ملابس الرقص تقريباً حيث ماكان
فستانها أ الذي نسميه فس 0-7
بسيطة تستر بعض من جسمها وقد
العروسة والعريس فأخذت الحاضرات
يفقنها ولكن بدون فائدة ... فتقدمت
إحدى زميلات هذه المدعوة الى
الكوشة فقالت أنا أعرف كيف تفيق ؟؟؟
خا ‎١٠. ٠‏ .| اد .0_6( |
"
b236f8ef5992747882be46e7f92eb037-1.jpg,
180162904-1.png,"ل

بنسم ا زرو ا لحمت ا الكجع

الت جا

ندب | بيك | بريه | سب ل

الحد التتازلي قد بدا.

ل

ا
ا ا ل

امتن الله عليهم بقيامه وصيامه, وأن يوفقنا للخير والصلاح والفلاح فيه؛ ومع ذلك
فهناك من يخسر رمضان ويخسر فضله وأجزة والعياذ بالله؛ وريما.

اقراء المز

الحد التتازلي قد بدا.

 

د ل ا

بالأمس القريب ذرفت عبون الصالحين دموع الحزن على فراق رمضانء وقاهي

 

 
"
sabah-islami-11.jpg," 

 

إن بيصرخ ويقول
اهرب يا حمار اهرب يا حمار

 
 

سألته مراته :- بتشوف فيلم رعب
قالها : لأ ده شريط فرحنا
"
838-11.jpg," 
"
3409.png,"ا ا
تُعْرْض الْفِتنْ عَلَى
الْقُلُوبٍ كَالْحَصِيرٍ عُودَا
وذ فائ كنب أشربَ

  
   
 
"
20160807-271.png," 
"
media.jpg,"معلومة رائعة. . يجهلها الكثير.

التحيات لله والصلواتالطيبات...
ماهيالتحيات؟
ماهيالصلوات؟
ماهيالطيبات؟
التحيات إسم طائرفي الجنة على
شجرة يقال لها الحليبات' انبا
يقال له الصلوات فإن قلت التحيات
لله والصلواتالحليبات نزالالطاشر
عن تلك الشجرة
فانغمس في التهر وتخض ريشه على
جانب النهر. فكل قطرة وقعت منه
اخلق الله منها ملكا يستغضر لك الى
يومالقيامة , فاعرف هذدالمعلومة
وعلمها غيرك تستفيد وتؤجر

 
 

 

تمت صتووة
"
set-seamless-pattern-islamic-backgro.jpg," 

ب اند علق ل لتك الا قات 07م
بدتشق وقد كم فيه مغالة جيم البضر ماقا دياتاتهم
وأجناسهم ؛ في الوقت الذي كان تنظر فيه أوروبا إلى
مرض ""الجذام"" على أنه غضب من الله وعقاب , حتى أن
في سنة 1313م أمر الملك ""فيليب"" بحرق جميع المجذومين
في النار جهلًا وتخلقًا !
*الجذام هو مرض معدي يصيب الجلد والأعصاب
"
38413c10.jpg," 

  
 

الكاسيات العاريات !

 

 
"
%25D9%2585%25D9%2584%25D8%25AE%25D8%-1.png,"اللهم إنا نسألك بإسمك
الفنا
217 0
افتح لنا أبواب الرزق ويسر أمرنا
وهون علينا مصائبنا » وارضى عنا
فلا حول لنا ولا قوة إلا يك

ّي اللهم آمين *؟
"
BgxmT4FCMAAB31R.jpg,"كاينين زوج واحد سموه
نكرهك وثاني سموه نحبك
مات لسموه نكرهك بقى واحد
حي شكوون

 
"
gplus1122495751.jpg," 
"
2580-12.jpg," 
"
3-14.jpg,"المطفتطق

     
      

كاك تَعَالى
لام )).ء + © ‎٠9‏ ك4 ءء المآ ء ءا
واب المسا بد لله ‎""١‏ ترعُوا مع الله ( بدا

[سودة الت /18)

لله الرحمان الرحيم

ونستعيته وتستهديه ونشكرة. ونعوذ باللّه من شرور أنفستا وسيّئات أعمالتا.
قل فلا هادي له. والصلاة والسلام على سيّدنا محقد الصادق الوعد الأهين.

 

 

 

 

 
"
picture+funny+for+facebook.jpg,"محشش قاعد في الفصل كل شويه يضحك

وفي الآخر ضحك ضحكه كبيره جداً
الاستاذ قاله : مالك يابني

بتضحك علي ايه ؟ انت اتجننت ؟

2 قاله اصل عمال اقول لنفسي نكت
بس الاخيره دي جامده جداً
أول مره أسمعها ([:

  
"
%25D9%2582%25D8%25B5%25D8%25B5+%25D8.jpg," 

ا ل ا ا
"
qo9qL7izWzYKbaJBmImlRwHaEK.jpg," 

1 ا
فلا تعص لهما أمرا

55 07 200* 02118
"
20160807-269.png," 
"
113732.png,"في الحلال و الحرام

قال أعرابي للقاضي إياس بن معاوية: لو
كنت أكلت الصير فل تجلدني* قال أ
قال: لو شربت الماء هل تجلدني؟ قال: لاء
قال قشراب آلتبيد متها فكيف يكون سراما
ويجلد شاربها؟

قال ايأس: لو ضويتك بالتزاب على رأسك
هل يوجعك؟ قال: لاء

قال: لو صببت عليك قدرا من الماء هل
يتكسر رأسك؟ قال: لاء قال: لو مزجت الماء
والتراب و صنعت منها طابوقة صلبة
‎١‏ بها رأسك كيف يكون قال م ]
قال اياس: كذلك النبيذ.
"
1327534921_in-the-name-of-allah.jpg," 
"
0143.JPG," 
"
25674fadaeyat.jpg,"وعاء الكرب

لاإ إلا اث العطير أكلير
لإ لل لمش ‎١‏ هم

لا إل إلا اث رغ السواتك
ولب الأرشض ولب 0 ِ

 
"
3737-4.jpg," 

 
"
img_1416746049_729.jpg,"اذ _ اك عكر ل لض نكل ذه افاي احا ااا اح
اللهم إنى أصبحت منك
فى نعمة وعافية وستر
فأتم نمك على وعافيّك
وسترك فى الدنيا والآخرة
+ + ييدددد
"
app_screen_shots_27651.jpg," 
"
3.jpg,"     

 

صلق وسلة وبارك على - جيه
ل
/ رس"" فيد بد ب
"
hwaml.com_1354752148_592.png,
PIC-330-1466858738.png," 

املاع ع1

 
"
islam-20.jpg,"بينما كان الحلاق يقص شعر الزبون كانت فتاة حسناء ججلس بالقرب
منه تقلم اظافرها وعندمآ أعجب بجمالها الزبون
قال لها: تقبلين دعوتي إلى الغداء سهياً؟ فقالت: لا أستطيع
فقال: إذن أنعوك للعشاء سوياً؟ فقالت: متأسفة لأني أخاف أن
أتأخر عن ميعادي في المنزل و تثور أعصاب زوجي
فقال لها: قولي له إنك تأخرت في عملك. فقالت له: قل له أنت
كان كرت 5لك اب الحاك مو الود يضرا محعارك زوارجة لمصاضك
7ت

    
   

#الملاحظة الأولى:

لاتستعجل بالتَفوه بكلمات قد تؤذيك دون أن تغرف الظروف ال محيطة بك
#الملاحظة الثانية:

الدفن بكرة بعد العصرم: ال
"
Sanstitre1-36-1.gif," 
"
hwaml.com_1354752149_185.png," 
"
60e3b0162e434ad2a4e4c218eb76ec3f1-31.jpg," 
"
img_1418558452_314.png," 
"
23.jpg,"من طرائف النحاة )
قال أحد النحاة:
رأيت رجلا ضريرا يسأل الناس
يقول : ضعيفا مسكينا فقيرا... َ
فقلت له: ياهذا... علام نصبت (ضعيفا مسكينا فقيرا) ؟
فقال : بإضمار ارحموا....
قال النحوي : فأخرجت كل ما معي من نقود وأآعطيته إياه
فرحا بماقال. على محمود

 
"
1443446729454.jpg,"بنت واقفه في المطبخ بتغني :-
حط ايده يا علي ايدي يا ... قالي بتحبيني

من يومها بقت تغني
انا مش بتاعت الكلام ده

 
"
0214578;lkjy-1.jpg,"هل تعلمم

هل تعلموآن أول من ركب الخيل ؟
هو إسماعيل عليه السلام . ا
هل تعلوأن أول من سمى الجمعة ‎١‏

كعب بن لؤي م
هل نظي ان اول من تقال سيان ريق الاغلى؟
هو إسراقيل عليه الملا ا
هل تعلمرأن أول ما نزل من القرآن الكريم ؟
"" اقرأ باسم ربك الذي خلق ”7
هل تعلمأن أول من خط بالقلم ؟

عليه السلام

اا من القرآن الكريم؟
“ واتقوا يوماً ترجعون فيه إلى الله 1
هل تعلمأن أول ما نزل من التوراة ؟
“ بسم الله الرحمن الرحيم ” . -
هل تعلوأن أول من جاهد في سبيل الله
هو إدريس عليه السلام
هل تم أن أعظم آية في القرآن الكريم؟
“ آية الكرسي "".

 
"
20160804-38.gif," 
"
img_1386286983_603.jpg,"ثالث ما أسبابٌ تَسْبَهِ الرّجَالٍ بالنّساءٍ أو تَسْبَهِ النّساءٍ بالرّجالٍ؟

1 ضعف التربية.
الصحبة السيئة.

رابعًا: ما طرائقٌ الوقاية منّ التَْبَّهِ؟
1 التربية السليمة.
الصحبة الحسنة.

خاممًا: علَلْ: جُبلَتِ المرأةٌ على العاطفة.

لتبقي أسرتها متماسكة مما ينعكس على تلاحم المجتمع وزيادة قوته.
"
QLXjEGiA.jpg,"ط! فا محا وا
عد عد عد عد حب
"
3737-2.jpg,"ِِ
ا
ّ
ٌّ

 
"
img_1419386967_263.jpg,"اجر (للسيرءر2) ايو أجدور 1 لاجد وروا ربو

من ترك شينا لله
عوضه الله خيرا مثه

حا
الم
"
1-5.jpg,"هذه الإجابات من وحي خيال الطالب وليس لها

 
"
PIC-921-1374236803.jpg," 
"
%25D8%25AF%25D8%25B1%25D8%25B3%2B%25-1.jpg," 
"
4518-9.jpg,"5 1
ا

 
"
qt8d.jpg," 

 

 

وعى رزو أفارت

 

 

 

 
"
BqvKkXyCcAMjSDk.jpg," 

 

 

 

 
"
416212255d368ba05df293dcacea5026-310.jpg," 

 

1

+
"
FFJmg77fmKzZsQDcIWSn6JxzE8fdcMFmk1Sx,"يارب علمني أن أحب الناس كما 5

أحب نفسي .. وعلمني أن أحاسب

تق ي كما أحاسب النالس 1
ً
ا
‎١‏ زا
علا ع
"
DHqa7AfzexIWpBD_ZrtR3FoR7_me3B9pQbDy," 
"
sabr-pictures-1.jpg," 
"
2700-2.jpg," 
"
img_1394734914_239.jpg,
islam-5.jpg,"مس ا

انلز اوش روات قل وناوة لقان |
ل مودت لل م فرظ لقال |
ا
شل زاالة لام مم تتت زا رن |
مموتختا فاه م2 ٍ

 

 
"
25679fadaeyat.jpg," 
"
0000000000000.png,"جود كل طالب عادل أمام
فى الدراسة بيبقى الزعيم
فى الامتحان بيبقى زهايمر

     

وجوة اللجنة بيبقى المتسول :((
"
img_1386287358_589.jpg," 
"
2-8.png,":
أن ا ور تدوج زززاه كادي - سراي د وو 01 لمسويجا الماك له ارج سور رك

 

0
"
777-6.jpg," 

ل
"
20160107-168.jpg," 
"
54447210.jpg,"قبل أن ترسل

 

أفلام انان
ل
لق برو 8
تذكزْ
0 با لاسي

ص ا وج رك ا

وم الوَبسَتمَو عَمَا كَانوأبفْئرُوبتَ
"
13215-5.jpg,"‎-١‏ الله واحد لا شريك له
“دلائل وحدانية الله :
عندما تنظر فى السماء ترى الكواكب والنجوم تظهر بانتظام .
الشمس :. تشر قكل يوم من مكان واحد ( جمة الشرق ) ؛ وتغيب فى مكان واحد ( جمة الغرب ) +
الشمس على مسافة محددة من الأرض + :8 ""|
8 يحدث لو :. إذا اقويت الغمس من الأرض ؟ - اح كل شئ + واس 5
* ماذا يحدث لو :. إذا بعدت الشمس عن الأرض ؟ ‏ لتجمدكل شئ ‎٠‏
‏القع :. عندما يظهر فى بدايةكل شهر #جرى يبدا هلالًا . ثم يكبر حتى يصير بدرًا فى منتصف الشهر » ثم يصغر فيصير

‎ 

‏حاقًا فى نباية الشهر ثم يختى .
سكل ذلك فى نظام نابت لا يتغير . - -الشمس والقمر آيتان من آيات الله
*دلائل قدرة الله و الانسا

‎ 

‏إذا تأمل الإنسان فى جسمه سيجد ‏ قلبًا بض لسانًا يتحدث به . ويتذوق به الطعام والشراب ‏ أقًا يشم ها
رجلين يمشى بها يدين يعمل بها +
*الأزهار فى الحدائق :. إذا نظرت إليها + والى ألوانها الكثيرة +وجدتها تهرك بنظاهما البديع .

‎ 

‎ 
"
Photos-Wallpapers-Islamist-1.jpg,"غبي بيعمل تَحليلٍ دم ... الدكتور

بيقوله : انت عندك سكر في الدم

اده : الله يكرمك يا دكتور والله
ا

0 انت اللي زى العسل !
/

77
"
021548ki.jpg," 
"
PIC-943-1374236809.jpg," 
"
Islamic%2Bdecorations%2B%25281%2529.jpg," 
"
6212-1.jpeg,"ب اح ا ا لح ا
اد ا ا كد زات

0)
"
%25D9%2585%25D8%25B0%25D9%2583%25D8%-1.jpg," 
"
143920-1.jpg," 

 

 

 
"
0091.JPG,"ال ل ل ل ا از ا

ا يا ل لي لبا الط الل لول
ل لد لاله رع (ااص لاص ل الاق
لل سان الاك الاج لاء
ا للا اليد رع رارك ال ل
فين 5 دراهم لينجيب بها الدقيق و فين ليغانجيب بها الزبدة
"
RFCgJW6ifcXfKwzbtsBPKwAAAA.jpg," 
"
385526.jpg," 
"
%25D8%25A7%25D8%25B3%25D8%25A6%25D9%-1.png,"فوائد الغشش

* تقويه عضلات العين
* تقويه حاسه الشمع
* تقوية العلاقات الأجتماعيه
* نشر روح التعاون
والنتيجه اسعاد الوالدين
"
img_1396538634_548.png," 
"
5329-3.jpg,"اختبارات الفصل الثالث
السئة الأولى ثانوي ج,م,عرت

فضاء التربية والتعليم في ا جزائر
601, 6 0811-60 ,لنا/ثان:
"
nokat-maghribia-9.png,"59860820109 ١7 ‏ناه‎

اص

7

© © 5 2 د الا

معوم1 )امعط برهلا
نر مع

غضه) وماه

متهم ممع أت

ردك اماق 0ن:

 
"
%25D8%25B2%25D8%25AE%25D8%25A7%25D8%.png,"بير

‎-7١‏ _قرر مجلس الوزراء في جلسته المنعقدة بتاريخ ‎٠١٠١/5/77‏ - الموافقة على إحالة
الموظف من ملاك وزارة الأوقاف والشؤون والمقدسات الإسلامية السيد إبراهيم عبد الكريم
عويد الشديفات على التقاعد بناء على طلبه اعتبارا من تاريخ ‎7١٠8/8/77‏

‏مير

‏- قر مجلس الوزراء في جلسته المنعقدة بتاريخ ‎70٠4/5/17‏ - الموافقة على إحالة
الموظف من ملاك وزارة الصناعة والتجارة والتموين السيد جمال فارس سليمان الصعوب
على التقاعد اعتبارا من تاريخ ‎7١٠9/5/١‏ لبلوغه السن القانونية ‏

‎ 

‏عقي

‏7-_قررّ مجلس الوزراء في جلسته المنعقدة بتاريخ ‎70٠9/5/77‏ - الموافقة على إحالة كل
موظف من الموظفين المُذكورين تالياً من ملاك وزارة التربية والتعليم على التقاعد بناء
على طلبه اعتبَارَا من التاريخ المبين إزاء اسمه :- 0
ِ
- السيد يونس مصطفى حماد الضلاعين ‏ 7014/7/1 ل ل
- السيد نائل فلاح وادي الصقر ‎٠4/5‏ ب
"
PIC-962-1421059573.jpg,"السو ال
واعل بان الله يعلم
أنظرة العين وما تخفي الصدور
كن م

 
"
2410-3.jpg,"سل

يقرأ
لازم ي
لطالب اللي يقر
ه أنا ‎١‏ ل ٍ
5 : 0 قه الاجابٍ
21 0 تبها علي ورا
1 2 قبل ما يكتبها
"
25675fadaeyat.jpg," 
"
%25D8%25A7%25D8%25AE%25D8%25AA%25D8%.JPG,"ليبييييش اخترعوا الثواني؟؟!؟؟!؟!؟!؟!

علمود يحطوا فييهم الثحون والكاثات
شيِيْئِيِيِئِيِْيِيِيِْيِيِييية

اليغلط احضره ميتي ييييييييبيا
"
Eid+Mubarak+Messages.PNG,"لكسر الروتين
ساعتك براق
واذا احد قالك ليش
قوله على شان امشي
مع الوقت
لق ات ان ات

هذي جديده ريحت الوكاله فيه
"
Image4_6201939577996160810.png," 

 
"
20160107-167.jpg," 
"
2410-2.png,"احنا الشعبث الوجيد اللى عنده رد لكل كلمة.

احم لإء
5 اتلك عللا
ااا أماوطا اهقلق +
ا ل
عام اروج + ام روح ما ترج +
عار امج
عامل له ‎١‏

 

ل نعم الله عليلف +
عات يوس باستش عليه +
حدلك بورض وعشرة حرسم +
بيك انا تبدلك: معن بل سوط
10 لاعت سيوس حورا

 
"
5577-4.jpg," 
"
63547.1426716499160.jpg," 
"
3273-2.jpg,"قيل للسعادة : أين تسكنين ؟

 
"
182_10_124_220_Rahmat_Sy_Z.jpg," 
"
11041827_815992548487669_91660019641.jpg,"الا > ضاق الاج ل 2 2 م

في مدارس البنات في ماليزيا
وزن الطالبه يدخل ضمن علاماتها
لأنها سميئه
وهذا القانون للحد من السمنه

مب 1

/

2١

‎١٠١ ٠. 8 0:‏
مد لله مش عندنا النظام ده

‏1 7 ا 7 نص م الند اث لبه ذْ 8 1 ماله

‎ 

‎ 

‎ 
"
2015_1391652569_343.jpg," 
"
5872-5.jpg," 
"
islam-28-1024x683.jpg,"دليل استخدام كتاب
التربية الإسلاميّة
السّنة الرَابغة من التعليم الابتدائي

المشرف العام

 
"
012457;lkj.jpg," 
"
20160805-446.jpg,"الحمدُ لله على كل شىء»

مدونة بفتكرك ©
"
1899-3.jpg," 
"
images-16.jpg," 
"
6202-2.jpg," 
"
%25D8%25AF%25D9%2584%25D9%258A%25D9%.png," 
"
%D8%A7%D9%84%D8%B5%D9%88%D9%85%20%D9.jpg," 
"
1440.jpg,"ا ل قي

ء.« هار انيا*ع .6 .
‎٠‏ ان ب باسله الل 0
. الوينل منها شين ؟ 1 ذكء
9
ما 1 1 ا
الس اينات ‎١‏ ء

حب “امار ‎٠‏

كلا انار مصينا راجن

0 ا ا تي ""8
"
pVBd-fq39gFHTSL7cPvgzoxTiWPM8xdF3m-5," 

والزانا]
"
20160803-936.jpg,"طب والحتمة
المريقة الكو يفا

 

من كان حائفاً فليحلف بالله؛ وإلا فليصمت

موا

 
"
1559-1.jpg," 
"
screenshot_04," 
"
896-6.jpg," 

مايين غمضة عين والتفاتتها
يبدل الله من حال إلى حال

علي بن ابي طالب
"
3196-7.jpg," 
"
300169_180156448723186_1801509120570.jpg,"# >

طرائف تحوية
‎١‏ - مُتسؤّلَ ضليعغ في النَحُو

قال أحدُ النحاة : رأيث رجلاً ضريرًا يسأل الناسَ يقول: : ضعيقًا مسكينًا فقيرًا ضريرًا.
فقلتُ له: يا هذا. . علامَ نصبت ضعيقًا مسكيئًا فقيرًا ضريرًا؟!
فقال الرجل: بإضمار (ارحموا)..
قال النَّحُويُ: تريش الإسنس دت ل رأعقية بمرت ا
""- أبوكَ وحماره
حكى العسكريٌ في كتاب التّصحيف أنه قيل لبعضهم: ما فَعّل أبوك بحماره؟!
فقال: باعه (بكسر العين والهاء)؛ فقيل له: لم قلتَ (باعه)؟!
قال: فلم قلت أنت (بحماره)؟!
قال الرجل: أنا جررته بالباء.
فردٌ عليه بقوله: فلمَ جر باوْكَ وبائي لا تَجْرُ؟!
مجمع اللغة العربيّة المدرسي
"
6202-7.jpg,"ا 0

ّ لساك ا
شر إل 6.8
ارات
غير 2

يبا بف أو ؟
اا كا

     
   
   

   

7

ارات ب

سكسم
"
islam-3.png," 
"
3333-1.jpg,
39072fadaeyat.jpg,"مين إللى هيشوفك غير ولاد

عمك و ولاد خالتك و كام

واحد من أصحابهم؛ و يعنى
الشفرجية و الدى جيه

00/0/2000 10.066

 

 

 
"
sba7-10.jpg,"        

ركنا ءامنا فَاَعَمِرٌ كنا وَابَحَمَتَا
وَأَنّتَ خَيْرٌ الراجهيّن

المؤمنون: 109
"
3737-6.jpg,"ب

‎١‏ 0 تن العاللين
"
hqdefault-2.jpg," 

   
"
1-1.jpg,"      
   

أن عمري ماشوفت مصري
© يأ عمل حادثة وقال انا غلطان

انها حتي لو خبط في شجرة

2

جِ يقول صا مكانها خط رج[
"
8_cI5iIKGcXHniXpjMk-cEZuWHpRjx6uRPSw,"هل 5 4 فى
عندما تصل ل درجة التشوع ب
الصلاة يُفرز الجسم (هرمون 0 ِ
ا ا م
هذا الهرمون يعالج ( اناب
ويكفي قول الحبيب 5
أرحنا يها يا يلال

 
"
6202.jpg,"أثناء الحروب الصليبيه وفي شده القتال بين
صلاح الدين وريتشارد قلب الأسد

أصيب ريتشارد بطلقه في يده فصرخ بأعلي

فرد عليه صلاح الدين : شت الحبايب يا حبيبه

فضحك ريتشارد وضحك صلاح الدين

2م وضحك الجنود وتم تاجيل الحرب

 
 
"
Photos-Wallpapers-Islamist-2.jpg,"الإبن : ماما . . . ألبس إبه ؟؟

الأم : إلبس اى حاجه من الدولاب

جا بجد تسلميلى يا أمى
أب | 2 لولاكى كنت هروح البس

© من التلاجه !
"
146_255_149_202_Elham.jpg,"أوعى تَرَيقَ على مكياج بنت
ممكن بلون عنرها اعتحان

 

وخاطة الرشام على وشها

 
"
12-www.ward2u.com-Plate-Decorated.jpg," 

   

و20 +46 3 5 عمتدعع معاي ع م نمه
"
20160730-3.png," 
"
Capture-1.png,"واحد يتفرج مع فيلم
فجأة خرج في التلفاز وحش
يخوف ,الزو- يا يما
قالها عرفتيها صح

  
"
img_1419386966_193.jpg,"10/04/0200 160-06

 

  

إعتقادى .. أن يمد صاحب المحمول يده ليوقف الرنين فى وسط الصلاة أهون من أن بشع
المصلين حوله بصوت الرنة الشيك التى غالباً ما تدل على شخصية صاحبها

واوا

    

 

 
"
3080-3.jpg,"لاإته إلا ا لله

اللن

 

ر سول
عمد
"
13215-4.jpg," 
"
Comic20150614171227.png,"التربية الإسلامية 2020
)3
"
Islamic%2Bdecorations%2B%25288%2529.png," 
"
img_1418380059_345.gif,"   
      

“ري آء

/
"
561-7.jpg,"31

خٍِ
4

أأممممرمافي احد

 

 

 
"
6202-1.jpg,"أن الله أعطاك أشياء ل

 
"
img_1416111324_166.jpg,"الهم ني جود ب ب ض
تير

    
"
jor1jo-e6583839af.gif," 

 
"
img_1416746050_713.jpg,
%25D8%25A7%25D8%25B3%25D8%25A6%25D9%-2.png," 
"
img_1428205475_388.png,"     
      

 
 

رىءٍ 7 كو به بء ما ياسر ب اطة > 1 و ار محر معدو
وأزلِمَيٍ لجن مقن عر جد ا( هذا ما نوعَدُون لكل أوَابٍ حَفِيظٍ © من حْشى الرسمن يالعيبٍ

يِذ متيب ا(©) أدخُلوضا بذك بم اللو ال قم ما كاوه يها مدنا مرب تانكم
أمْلَكَتًا كِلَهُم بَن فَرَنٍ هُمْ أََدٌ ينهم بَطكًا فقا في أَلِكَدِ َل بن حيس (©) إذَ في
كي ليحر بسكا لفن أو أى المع وفرا يدا (©) ازككد حكن النَمَوبٍ ‎١‏
‏لأس ميته فى سك ماو وما ما ين لوب مبدعق اتثات تَمَن .
جَنَدِ رَيِكَ قَلَ طَارع اتنس وَقَِلَ اتيب (©) رَينَ الل شَيَحَهُ وبر النْجُء © 1

5

       
  
     

 
  

   

1ن

         
     
  
   
 

كاد الح

طحي اح عع م ال س2 لور موسو ا م ور ريما لوكو > ال

وَآسْتيمْ بم باو المْتادٍ ين كان قَربٍ ا( ب يسَمَعُونَ الصَبَحٌَ لحن دَلِكٌ ب حرج )نا 0

ري دا ب ب سوست تيع ير ديل لخر عو ار مات سدق مش > ا

من نحي وتيت وَإينَا المَصِيرٌ (©) بن تََقَف الْأنضُ عَنْهُمْ يرما ذَلِكَ خَتْرٌعَكِنَا بَرِبرٌُ 8
عر عي ضراعم ررس ما ا ري عط يضام موسر اند 2 رضح

:| الكت تحن أعكريما يوون وَمآ نت حلم يحبار فَدَِريلقُرَيَنِ من كَكَافُ عير ا( موقا 1

ا

د

1

20

    

حل
ل الح

قْ

 

20

  

 

   

     
  

  
  
 
    
 

 

 

 

5

 

 

 
"
img_1485008284_647.png,"محشث لد
ات وأ
بحت
لوه عاوز تسمية ال
لوه
سأ

 

حمه
اه يا الله ير.
ابو
هسميه بابا .. علي
"
5329.jpeg," 
"
img_1418557913_860.jpg," 
"
%25D8%25A7%25D8%25AC%25D9%2585%25D9%.jpg," 
"
b8c371ca01760efd350be81a4c27893a-1.jpg," 
"
sabah-islami-2.jpeg," 
"
img_1386287346_709.jpg," 

ستتارات واحد مات وي

 
"
%25D8%25A7%25D9%2584%25D8%25B5%25D9%.PNG," 
"
1482-6.gif," 

السر عند البنات نوعين
١.سر‏ تافه لا داعى لكتمانه
"".سر خطير لا تستطيع كتمانه

 
"
1367_365354496901277_1721664413_n.png,"زوروا 1/0/1/.1/1/85117.6017//ا للمزيد 7

حول ظاهرة انقطا2 الكهرياء أيام الامتحانات

        
 
    

إمتحانات الثانوية
بدت أهبه , ياللا بقى
اقطعوا التودعلى

الششلليع مضع

سسب ليا الس الي اسلجم ضيفب التفف مايا الال

 
"
6796fadaeyat.jpg,"اي ياحمد 77
انا سار اللي بكامك عالفيس
انتافين؟ طيب خليك

 
"
666666.jpg," 

ما م ١م‏ 8 نا الا
"
KKolFmu.png,"الوي قا راتو كرشو مشا
الطبيب. سولو الطبيب شنو كليت .
قال ليه بيمو ديال الدجا-
عددية فاش قلبو لقاه واكل كن
"
rasa2el-mobile-islamiya.jpg," 

0 >< 2
| منيسية || أحبد نكب ] الشية فكب | فكية تيم ]| فكي تصور | قديى ]| اصتدعيية ]| ار عتعية || سلطا ]| هلانت |

, صفح الحصل ""محاضرة تدعو للتحلي بالصفح والحفر انهم اجعل
لاب القرآن ربيع قلوبنا

   

0900:0090
"
PIC-285-1399627130.jpg,"لهي ال رجي ا وج زإراراي موسا .
دز صثر لب مزل اد اريم صر بير لاا
التاثئي عطاه النتيجة غيٌ طل عليها
قل لا بف عن الا لحي
ا ل الا الا ا الل ل ص ان
سالاد صمذاق للزاها لية للم
ل ا الل ا نامدا ل
"
6083-4.jpg,"ناص تكن |زر ج 7 ل © 231010

6او00© 80

© صور شاورما ب

الكل لصو تم لاخبا لفيديوهات لخر

هل تقصد صور زيكي

عرض النتائج بدل ذلك عن صور شاورما

 
"
Photos-Wallpapers-Islamist-6.jpg," 

للفركا اضيا (ازرينها سا
رخآل انتاوذ ارجا الإسلنية
العف الل الأثرى

الاصتا وراذي الصيد
"
13682.jpg," 
"
Electric-1.jpg,"من نوادر وطرائف العرب

في يوم جمعة تأخر الخطيب وجاء مجنون وصعد المنبر
فأراد البعض إنزاله, لكن أحد المسؤولين كان موجودا في
المسجد وأمر بأن يتركوا المجنون ليخطب. ِ
خطب المجنون وقال:

الحمد لله الذي خلقكم من إثنين وقسمكم قسمين فجعل
منكم أغنياء لتشكروا وجعل منكم فقراء لتصبروا فلا
غنيكم شكر ولا فقيركم صبر لعنكم الله جميعا ... قوموا
إلى صلاتكم...

منقول # #

 
"
40.jpg,"    
  

   

أ
إجعله مرف
واساكات
السعادة فاكتها لا

ماس ا

كانارضا
"
2238-1.jpg," 
"
3290-10.jpg," 
"
20160807-270.png,"فما واحد واقف فوق سطح البلاص الي يسكن فيه
جاه واحد قالو يا محسن بوك و أمك و خواتك ماتو

‎١‏ ياخي لوح روحومن فوق البلاص

‏كي وصل للطاق8 تذكر الي ما عندوش خوات

‏كي وصل للطاق3 تذكر الي بوه و أمو متوفين

‏كي وصل للطاق1تذكر الي ما اسموش محسن

‏هيههههه (-)

‎ 
"
nokat-maghribia-13.png," 
"
56e0dd2c2792a5321b3fa5f8671c643acf1a.jpg," 

 
"
%25D9%2585%25D8%25B1%25D8%25A7%25D8%-1.jpg,"اال

بن سب عم مم الل في الحا النل؛

‎١‏ رمعت على امامل القال الث
...عدم وصول.الماء إلى.الظفر...

‏ل بسع في ابم بقمد ال لقلا

‏التوك تدع ذو الحعسسدل.......
"
img_1386287350_913.jpg," 

ليست مشكلتي الموت.

نحتما سآموت يوماً ما

بل مشكلتي على أي حال سأموت ..
يااااااارب. م صحينتنا ب

لا إله لا الله

4

وأحسن خآمتناً وآ[ آآرب

 

 

 
"
3737-10.jpg,"    
  
  

لو قال الإنساآن كل يوم 7

أستود ع الل الذي لا تضيع ودائعه :
ديني ونفسي وأمانتي وخوآتيم عملي
وبيتي وأهلي وأحبتي ومالي وجميع م
أنعم الل بر على

, * لحفظ الذر ل لل
"
sba7-12.jpg,"و <> .. : ددا لله - 08
إلي أحبك في الله"" :

   

قال رسول اللّه صلى الله عليه وسلم: ,
إذا أحب الرجل أخاه
فليخبره أنه يحبه

صححه الألباني

نا
"
2hkN4Bksmr2iDrC9kA9V7BgQPmkDnZdcYXu-,"محشش ضاع نعاله بالجامع صاح
بصوت عالي الي أخذ النعال خل
أيرجعه لتخلوني أسوي مثل الجمعة
الماضية كولهم خافوا ورجعوله
النعال وسألوه .. شنو سويت الجمعة
الماضية كال رجعت حافي ..

ا
© © ©
"
b0su.jpg," 
"
13100.jpg,"  

©

 
"
112018.jpg," 
"
68675505_10157378267536276_659609245.jpg," 

 
"
%25D8%25AF%25D8%25B1%25D8%25B3-%25D8.jpg,"إل حبس طاكسي
قالو : شحال توصلني انا و الكلب التاعي
قالو الطاكسيور : نتا ب 200 دج و الكلب
المزطول قالو :

 
"
4518-13.jpg,"اعد 7ن
: مخنوق شوية
13

هو
ا بحب واحده وخاية
: لا مَاتخْفشل كُ 0 :
تحدول فيد اتج «اقينها
هو : متأكده !! 3
هي با

 

6 نعم ياساده انها المصرية
"
5970-6.jpg,"بنت قاعده علي الفيس بالليل
شعرها منكوش
و لابسه بيجامه متبهدلة
بتقرأ بوست عن الجن
و بتعلق : حرام عليك يا متوحش
انت خوفتني
و اساسا الجن وراها مزنوق في جنب
في الاوضه بيقرا المعوذتين

  

7
0 بح

3

100.911253 0017
"
2947891339_75854ca9b6-1.jpg,"واحد اتجوز واحده حلوه
‎٠‏ وكان مخبي عليها انه بيشرب سجاير
وفي ليله الدخله قعدت علي التسريحه وقلعت البروكه
قالها ايه ده ‎ :‏

 

و""
الح . قالها ايه ده ؟
قالتله دي لانسز يا حبيبي في حاجه ؟
ُ قالها لا مفيش
وبعدين قلعت طقمَ السنان .. الرَاجل قَالبِسَنأنا ادبست
قام مطلع علبه السجاير ومولع سيجاره
قالتله ايه ده انت بتترب تثاير !
قالها تتاير وحتيت .. وهطلع عين امت انهارده ([:
ُ
إُ

 
"
shof_46cbbcbda2af4d2.jpg,"نظر رجل طفيلي إلى قوم ذاهبين فاعتقد
أنهم في دعوة إلى وليمة , فقام وتبعهم ,؛ » فإذا
هم شعراء قد قصدوا السلطان بمدائح لهم
فلما أنشد كل واحد شعره , وأخذ جائزته ؛ لم
يبق إلا الطفيلي , وهو جالس ساكت , فقيل
له : أنشد شعرك , فقال: لست بشاعر , قيل:
فمن أنت؟ قال : من الغاوين الذي قال الله
فيهم (( والشعراء يتبعهم الغاوون )) فضحك
السلطان منه وامر له بجائزة.

 
"
1380268274953.jpg,"#طرائف_نحوية
(إذا اجتمع لحانان)

عن الأصمعي عن عيسى بن عمر قال:
كان عندنا رجل لحان (ليخطئ كثيرا) فلقي رجلاً
مثله

فقال:من أين جنّت؟

فقال:من عند (أهلونا) فتعجب منه وحسدة»
وقال:أنا أعلم من أين أخذتها
من قوله تعالى(شغلتنا أموالنا وأهلونا).
"
Sanstitre1-36.gif," 
"
sabah-islami-1-300x297.png,"  
 
 
 
    

ٍ
'
ٍ
صديق يخدم في مستشفئ بون
صديق يخدم في ميشيا ©

' صديق يخدم في الدولة

صديق يخدم في شيل
وصديق يخدم في كوشة. 9
"
2_50_47_234_Islam_by_Susanh.jpg," 
"
20160803-769.jpg,"لداء 5
أن ا

ا 1007

حدم

7 0

ما رذ مسوم
"
2783-6.jpg,"مكدر لودمك كل عمال يبط علد
جه دون وبمد ماص ند بببط اك
شار الخضث .. وتلا ملك مبز كال يكم

 

ليم لبه أخى اوها كمال م
"
3080-5.jpg," 

| ‏؟‎ 11 ١
"
20160623-44.png,"+ 7 0 ولا 2 ب
ا

اط 1 ا

 
"
img_1417389385_876.jpg," 

    

امسر 0 ل 7
م 488 سج ددرو

0 ا ا

0 05 ات

الا :5007800 ا

0 ا 0 لكا مر

اع 0ف 0

مد لان ما 8866 رعلا ا

8 امسا ا 8
15 ا عبط الما قاد

    

ل ا اا ا م ات ا ا ل ا ا

يد لضفقله 0لا

د
"
3737-11.jpg,"تيح ضحك
دم 1 تملا

يي تسمع انيس ضارب مع جيلالي
من إسم تعرف شكون دا طريحة

ماري واحد وسمو انيس

   

2ج
م

   
"
img_1418380060_430.gif," 
"
3737-12.jpg,"بودوموستزل

 
"
img_1418278386_702.jpg,"اها ما ---- جح 9

أجب بكتابة الآيات المطلوية

عالية للصفح عن المسيثين والإحسان إليه

( ولا يأئل أولو الفضل متكم ) إلى قوله : ( ألا تحبون أن يفر الله لكم والله غقور رحيم ) (22 )

الزوج على زوجته بالزتا تستوجب الحد وهو: الرجم حتى الموت ولا يدقع عنها الحد إلا في أرب شهادات بالله أن زوجي

كاذب في اتهامى بالزنا

يدراً عنها العذاب أن تتشهد أريع تنها:
لمان رحمة واء من لله يعياده ‎٠‏

  
 
  
  

 

 

للد إنه لمن الصادكين ) (8)
تلصهم من حرج كانوا يجدونه وضيق يعيشون فيه

 

     
  

1 ا
ٍ أهلها حفاطا على حرمة أهلّها حتى لا يقم أهلها في الحرج
ل ال تعالى : (يا أيها الذين أمنوا لا تدخلوا بيوتا غير بيوتكم ) إلى قوله تعالى ( ذلكم حير أكم لعلكم تذكرون) (27)

السؤال الثاني :

1. قال تعالى قي بيان حديت الإقك : ( وتحسيونه هينا وهو عند الله عظيم ) لم وصفه بأنه عظيم ؟
لأن في ذلك تدتيس لبيت التبوة ووصقه بأكير الكبائر

2 تعالى : ( يعظكم الله أن تعودوا لمئله أبدا إن نكم مؤمتين )

مأ معن نحعظكء ؟ تلصح

 
  

 
"
attachment-1.php," 

( مِينًا ) وأثناء سيرهم شَاهَدُوا حَجَرًا في وَسَطٍ الطَّريق؛ فأَسَرَع التَامِيدُ
وَتَعَاوَنَ مَعَهُمِ صَدِيقَهُم ( مِينا ) لإبُعَادِ الحَجْرِعَن الطريق. 0

ست

    
"
img_1416746050_131.jpg,"البنات اول ما يشوفوا زفه في الشارع
كلهم يبصوا يستنوا العربيه اللي فيها العروسه

وبعد ما تعدي تسمع نبرات منفسنه

الاولي :- علي فكره مش حلوه

التانيه :- يالهوووووي ده المكياج
والكوافير عامل معاها جميل مش هتنساه

التالته :- العريس موووز موووز

زي القمر
ارحموا نفسكوا شويه
وكفايه نفسنه يا بايره منك ليها
1:

 
"
Da3nee-banner-350.jpg," 

 

 

ال ؟ مع الدليل ,
‎١‏ السؤال الثالث :- ما حكم النكاح ؟ مع

 
"
4526-4.jpg," 
"
1327565761_i-love-allah.jpg," 
"
10592962_1477069992578832_6757641612.jpg,"رسالة من شاب الى فتاته

الرجاء قراءة الرسالة كامله

ليك ...مع القحية ريط اد
لقد أن الأوان لكي ابو حللكوبما يجتاح فكري , وقلبي . وهو تكسير
الحواجز التي بيئْنا .. أعرف أن هذه الأفكار بنفس الوقت قد تدور في
رأسك , ولكن لابد أن تفهمي جيدا أنني لا أريد واتمتى لك سوى
أن تكوني معي والى جانبي الى الأبد . فالحياة التي أعيشها بدوتك كأنها
جهنم الحمراء ...صدقيئي ذلك احساسي .. فيل ثلبين طلبي وتخلعين
عنك هذه الافكار للباليه وإنبداً معا صفحة جديدة وتبنلي الهموم كما تبدلين

 

  

 

عباتك حتى يراك الئاس كما انت على حقيقك لما انا فأريد ان اقطع
جميع علاقاتي السابقة مع الجنس اللطيف وكل ما اتعنى ان يكون على
يديك لأرتاح ويرتاح قلبى ,, ولكى أزداد شجاعة وقوة واستطيع اقتلاع

الحزن الذي ملكني ., واتعبني فلا تصدقي الا ما ترينه من خلال
عينيك .ولا تتعجبي فتلك هي رغبتي في الدنيا رحا اقرل ان رجهك
نور"" أضاء ظلمات حياتي التعيسة التي كانت بدون مبالغه-بدونك
بؤس وشؤم وكلما نظرت اليك وتكلمت معك كان كلامك وصوتك

 

نهيق وعواء !! . ولا أنسى ذلك اليوم الذي عرفتك فيه فقد كان حقا يوم
ولادتي من جديد في هذه الدنيا , وعمري الذي مضى بدوتك كان
ملعونا وثقياد ... فصدكيني هذه هي الحقيقة اقولها بكل صراحة ...

 

حتى الآن تبد ولك هذه الرسالة طبيعيه وإكن لوعرفقت
ات مرسلها كنب ف ىآخرها ملاحظة تقول -
الرجاء قراءة سطر وترك سطر حتى تفهم
الرسالة
فلن تكوب طبيعية ابدا.... بالعاميه تنقلب محشات !ا ..
"
4026.jpg," 
"
13541-4.jpg," 
"
1327535282_allah-is-one.jpg,"أنزمع شاب من .من كثرة مطالبتها له بخاتم الزواج _.
فأهداها دب صغبر. فغضبت ورمت الدب في منتصف الطريق
وعندما جاء حبيبها ليلتقطه من الطريق..
صدمته سيارة وماة...
وفي عزانه كانت تمسك بَالب وتحضنه بشدة وتبكي
وفجأة تكلمت الآلة داخل الدب
""لتزوجيني. الا 1

 

 

ايه رايك بالمقلب ياحبيب
افماتت من الصدمة ثم مات هوحزناً
ومات الحاضرون جميفا

ري

     

وعاش الدب بسلام..!!1
"
4028.jpg,"ومازال المدرس
0 لو غلط في الشرح
وصححنا ليه الغلط

ٍِِ
3
2 يقول : عارف بس عايز اشوف
مين اللي مركز معايا

9
دار
"
%25D8%25A7%25D8%25B3%25D8%25A6%25D9%-3.png," 
"
19_2019-636824594699625644-962.jpg," 
"
5686-11.jpg," 
"
ijabat-tlmid-islam.jpg," 
"
img_1428205473_816.png," 
"
44-300x225.jpg," 
"
ns-MesianpI9xuytRtQQwwAAAA.jpg,"صل عل مُحَمَّدِ وَعَلَ آل م محم
يراه وَعآل اها اديس

ار وَعَلَ آل مُحَمَّدٍ
0 عا إيرَاهِمَ

نك ميد مجيد ِ

  
 
"
PIC-925-1374236802.jpg,"لا تحزن والكريم سبحانه وتعالي
هو الذى يدبر لك أمور حياتك
"
islam-22.jpg," 
"
6680-4.jpg," 
"
5297-6-310x165.gif,"اله الي 6 ل""

 
"
attachment.php,"دخلت عليه واحده بتقوله :

عندك تيشرت لعيل فى 2 ثانوى

 
"
img_1418380059_753.png,"حان الآن موعد اذان المغرب

 
"
9224-11.jpg,
dagszw3v2q0.jpg,
896.jpg,"كان اللا
"
img_1386287348_989.jpg,
img_1416746049_289.jpg," 
"
11-768x768.jpg," 

     

الفهرس الإجالي.
+ ي
الفهرس الإجمالي
مشيخة الأزهر: الطبعة الادلة طليعةٌ الكتاب لفضيلةٍ الإمام لكر 5
افيد 17-7 اد/ 6٠١؟-جاء‏ ا 3 واج اش 8 1
ال اا ا الموضوغالو: سباح الإسلام في مماملة أل الأياق الأخرى...٠.‏
مص الج الإعنادة :* 8 0
لقع ات 7 تار الموضوع الثاني طرف والإرهابٌ... ل
البريدالإلكتزون :حل 3:1 إيراهيم امعد - أ.د عبد الفتا عبد ا
مسا الف الواري- ٍِ
الرقع الإلكزين :عه اتصاقة تح لد هدري لرعري. 8
قطاع امعاهد الأزهرية: ونس
لفرت تتح - كادي
اح
- مس اللفرة: 0
الفاكس :7117834761+ 63 02+
البريدالإلكترون: البريد الإلكتررن :
ده السو عستة اموه
الموقع الإلكترري: ل
دتلملفة لوه لاي يور وي ‎١‏ مااع

 

 
"
25649fadaeyat.jpg,"المرحوم فلك ل
من ثلان تهحيات
جاه برد اليومين
إلى فانوا ,راح
فقا

    
  
"
896-7.jpg," 
"
18GS8RtuOdK8k_JC8-InyQHaJ4.jpg," 

 
"
6278-8.jpg,"التلميذ الجزائري طول الحصة مافاهم والو
وفجأة تهبط عليه العبقرية...
أستاذ: راك نسيت نقطة

  

فوق النون.

   
"
3080.jpg,"ديداكتيك التربية الإسلامية
للمقبل على مباراة التعليم

ذ. إسماعيل مرجي

 

 
"
9167fbea10ff40f5587ac14b89265254.jpg,"امبارح و أنا داخل أنام ؛
أبويا قال لي : أحلام سعيدة !
أنا قلت له : و نوال حزينة !

المهم ..

أول مرة أعرف إن أبويا بيعرف
يعمل حركة جون سينا !!

 
"
hqdefault-1-300x225.jpg,"ةَّ
د
3
3

 
"
novingermi.jpg," 

 
"
2990.jpg,"ال لف عن نهد جف ل حب الجريي ل لصن لجدلا فحت .ل هن امه اكيم
الي اين للم عل الج لدبي لاق
الجر و البسرى ديال الخال الأص سال ب تي دل لهي لد دهن

أنا راه ماشي حدر أرمر كول يتأي يلأ دوز الجهة ديال البغال

 
 

11111718 -1761. 0710953001. 72

 
"
C9Vxw5AKBCRxla6gMQ4BR7Jx5jfNjJAtS_ez," 
"
MdpkBVxASXX6PUgrGQZabPURpqy5b5awxfZZ," 

لفرن
م
ض ؟؟
*
2 1:
52
1 ِ
: ِ
1
و
‎١‏ ِ
7
1

 
"
1917529.jpg," 

- 7
0077
"
2-BorderMaker.jpg," 
"
img_1451108545_384.jpg,"بام تمع نمه ""دمي

   
   
 
 
 
   

روحي نادي ابوي الحين
يوديج (مستشفى الولادة)
وتخلينهم يطلعوني من بطنج
اليوم 2008/8/8
الساعة 8 و8 دقايق

واذا طلعت ولد تسموني 8 آب !
واذا كنت بنت تسموني 8 آبه !!
ولا ترى قسما بالله بام في بطنج
لين 2009/9/9
وكيفكم عاد
"
385526-300x225.jpg,
Ketab105.jpg," 
"
13541-7.jpg,"محشش حب يولع فى مراته

ولع فى نفسه وحضنها

 
"
%25D8%25AF%25D9%258A%25D8%25AF%25D8%.png,"الثقافة الجنسية الإستلامية
و السعادة الزئ جية المنشوا ل
"
5577-3.png," 
"
img_1386287347_511.jpg,"١
‏ان لع الساعات‎
0
‏ونذكرك فتذكرنا‎
‏ونستغفرك فتغفرلنا‎

يا لوحم الرانمين

  
 

امين
"
20160107-166.jpg,"زوج فرفور 75

مراته بتولد ب
قاعدة تصرخ وهو
اقف بره يلطم ويقول
نا السبب انا السبب
"
nokat-maghribia-3.png,"الدنيا بين قوسين ( )
القوس الأول هو ميلادك
والقوس الثانى هو موتك
فضع بينهما شيئا مفيدا لك و للناس
فإن عجزت عن النفع
"
6202.png,"2 ديال النساء كيجنيو بطاطا من الارض
مرة يهدرو مرة يغنيو

واحد شوية وحدة فيهم هزات بطاطا من
التراب وبقات تشوف فيها

صاحبتها سولاتها مالك؟

قالت ليها شحال هاد البطاطة كتفكرني في
الركابي ديال بوشعيب ( زوجها)
صاحبتها قالت لها: واش في التقل ولا في

الشكل؟
قالت لها: أ 7

في الوسخ !! نكت صناع الراس
© © ©) © © © © ني ©

   
"
3157-3.png," 

 

 

 

 
"
2Eb51431.jpg," 
"
hqdefault.jpg," 
"
fannu.jpg," 
"
7p-7FNlC4PkYgi_USXfC3gBYywTz5TQDaiTS,"وَمِتَاةَ َ ايم

مم مورومةنططهد ©)
"
ImDFJtCssWWthTfUxXLHpQHaHa.jpg,"من عجائب البنات !

لما تشوف طفل حلو , تلاقيها مرة واحده تتكلم لغة اغريقية

   

تي
را ٍِ ارا أن لعفل ذات نفسه بيبقى مستغرب
وبيحس انها بتعملوا سحر
"
%D9%86%D9%83%D8%AA-%D9%85%D8%AD%D8%B.jpg,"مِنْ أخلاق النَبيّ صَلّى الل عَلَيْهِ وَسَلَمَ

 

   

على حُسْن الْعاهُلِ مَعَّ الواِدَينِ وَبرّا وَالدَعاء لَهُماء و

إدُخال السُرور عَلَيِْمْ وَالّواضْلِ مَعَ الجيران وَتَبادلٍ المَنافع مَعَهُمْ وَالإِحْسانِ

  

المَرضى وَالدَّعاءٍ لَهُمْ بالَغَاء

 

قير الكبير وَاحترامه؛ وَمُساعَدَةِ الخَدَم وَالعُمَالٍ

   

 

 
"
%25D9%2583%25D8%25AA%25D8%25A7%25D8%.JPG," 
"
f3e7f792af3f795ebd9dfc202a1aed6c-1.jpg," 
"
2015_1418585766_169.jpg,"لاد اا

جلوسك مع شخص جميل
لذة 5 دقائق مفيد لصحتك|*

الى بعل جلي يقي انا ماس
مشكله اهم شي صحتك... ل ا

0 ""١""
"
3868.jpg," 
  
        

سيد الاستففار:
لوانت ربى لاإ لانت خاقتق ون
0
مش رماصدت أبوه ال ييسمك على وأبوء لبذفى
فاغفر لي فإنه لا يفف الآنوب إلا أنت.
"
img_1416235011_928.jpg," 
"
3290-2.jpg," 
"
09a979cfd1d2c3be1b3c4844c41e0024-1.jpg," 

ال ا

ال ا ا
اللهم اجعلنا ممّن

00

واعتقنا ووالدينا من النار.

سسحتي

 
"
JrY_0FJFaQFErBjuPFyo4ujNmJUQ4nSWL9KS," 
"
83552.png," 
"
img_1416746049_309.jpg," 

أولا : القرآن الكريم
تل له على :< ألم تر كيف رب الله مثا كلمة طيبة بكشجرة عيب
أصلها ثايت وفرعها فى السماء * تؤتى أكلها كل حين باذ ربها ويضرب الله
الأمثال للناس لعلهم يتذكرون +
© تخير الصواب ممابين القوسين :

 

© معنى ( تتى أكلها ) .حت

تنشر فروعها ‏ تعطى ثمارها_ تغذيها)
© إذا شتمنى شخضص - ( أسافحه ‏ أشعمه أضريه )
يم شبهت الآيات الكلمة الطيبة +

 

ا

 
"
sabah-islami-9.jpg,"برهي الخصائص أي مر الها ْنا هاا ذه ومكاته و عا ته رشأ
# نهنا تكيفان خم الي سْزتبا البل لهو واجب في حل ابيا وسندفي حل انهه
وساك رخص حاسة ببق هاما برش بأمور الزوج
زواجه بأكثرٌ من أريم زوجات.
زواج من هب نفسها لمن غير مه
"
14545.jpg,"احلى ضحكتين ©
ضحكة بنت بتبكي ""؟
وضحكة شب معصب ؟

 
"
%25D8%25A3%25D9%2588%25D8%25B1%25D8%.jpg,"  
 

4 بماذا يَأَُزنَا الله تعالى في الآيّة الكُريمَة السابقة؟

لآ الكَرِيِمَةُِ

    

 
"
947.png," 

لحن ادن لد دان
"
1342-3-310x165.gif," 
"
pJRGsuH5yWRSP6DK1XA2B9HQFiF1FNQAqk-T,"أن تشرع صدورنا وتيسد أموينا
وتقدر لنا الخير كله 7
_ ْ"" .

 

ممع مكر ةا متططهد ©)
"
5329-7.jpg," 
"
2fb4ac84cc599257523010e7aa33e692-1.jpg," 
"
secure22.jpg," 
   

ا

ذا لد د لا لس فنا جم لأف
منتدى افثكات
131821-07
"
2015113012.jpeg," 
"
sabah-islami-2-293x300.jpg," 
"
eDTLMSKkmG.jpg," 
"
img_1428205474_785.png,"‎١‏ لا

‏ل

‏كصريات

‏04> تذع ا كهخد
"
%25D8%25A7%25D9%2585%25D8%25AA%25D8%.jpg,"       

    
  
 
 
 

: م م
ا
ل

اها
2 0
"
%25D8%25A3%25D8%25AD%25D9%2583%25D8%.jpg," 

:0 موق مضحك جذا
يقول الشبخ العريفى
كان واقف جامبى فى الحرم حاج مصترى
راقع إبده وبيقول

( يارب أنا عارف وإنت عارف وكتر الكلام ملوش لزمه )
ممص توا

 

 

 
"
5281-2.jpg,"ربي اجعل أبي
رجلا من ؟

رجال أهل الجنة
"
%25D8%25AD%25D9%2584%2B%25D8%25AF%25.jpg," 
"
1482-5.gif,"    

32

5 بطر"" .

بضر قاد
في غفلةٍ فال ‎١‏ ما
والحياة ستنة اا

ب جه

705710207728
"
img_1418379759_793.jpg,"عندما تضيْع حياتك من اجل حماية كونوها !

ويآتي اخوك الصغير في الأخير ويريد تدميرها 2ع

   
"
%25D8%25B5%25D9%2588%25D8%25B1%2B%25-1.jpg," 
"
sabah-islami-3.jpeg,"أكدت احدى الدراسات مؤخراً ان 871 من الشباب والبنات
عندهم آلام فى الظهر والرقبة
وال 137 التانين

 
"
PIC-389-1374236804.jpg," 

ا
"
2204-3.jpg," 
"
20160803-938.jpg,"للم رقنا إِجَابَةٌ الّعَاء

سلج الأَبتاءِ وَحَسَنْ * الآداء .
وض ار وار

وَسَثرَ ب َِّنْ ا

رع الهعُومُ وَتيُِيرُ الأوريه
لله 0 نا وَلِوَالدَيْتَا
أَكلْنَا ولكل. مِنْ ل حَقّ وَنَضْلٌ علا ؟

 
"
img_1504966453_545.jpg," 
"
img_1386287355_988.jpg,
NlSKdXNua4aKWc7uMF1tdnTwfIUjhI1McAK2," 
"
Religious-messages.jpg,"محشش في حصة العلوم !

و المدرس جاب مجسم هيكل عظمي ؟
قال المدرى ما هذا ؟!

قال المحشش : انسان يابس -0)

يقولون أن الهيكل طلع من الصف يضحك

 
"
821595368.jpg,"كو ما كان معك شهادااات !
وشو ما كنتي متحضرةة ومتعلمةة !

آخرتك وحدة لاحقة ولادها بالشبشب

شههههههيههههه
"
6274.jpg," 

زه مجم

  

ا أصبحت غير قادرة على
ستر براطمها ! 4

 
"
3807_459655954096584_646656187_n.jpg," 

5# برامج دينية تفيدك كثيرا
"
%25D9%2585%25D9%2584%25D8%25AE%25D8%-2.png," 

  

وس المتواح لبيك لشماء لكرج لماح لكك . للستي 3 إصاعك :لماعم دن :لادب
العرضانية؛ بسبب عدم اعتماده نظام الوحدات والمجزوءات كما ينص على ذلك الميثاق الوطني للتره ٍ
بسبب تراجعه عن كثير من المكتسبات والتراكمات التي عرفتها المادة وتدريسيتهاء وقصوره وعدم استيفائه لمكونات
المنهاج التربوي (الوسائل-التقويم-المقاربات البيداغوجية والديداكتيكية ...)؛ وعدم مراعاة خصوصية المسالك على
مستوى التعليم الثانوي التاهيلي(المسالك العلمية والتقنية والمهنية(ذات الحصة الواحدة)- ومسلك الآداب(حصتان)-
ومسلك الأداب والعلوم الإنسانية(ثلاث حصص)؛ والتراجع الملحوظ والمعيب عن حصص التطبيقات والأنشطة رغم
أهميتها ودورها في ترسيخ مجموعة من القيم وإذكاء الفاعلية على تدريسية المادة. مما يستدعي الإسراع بإصدار
التوجيهات الرسمية الخاصة بمادة التربية الإسلامية مع تضمينها ما يسد بعض ثغرات المنهاج كالعناية بالتطبيقات
والأنشطة وكيفية التعامل مع الشعب ذات الساعة الواحدة في المادة:

- لذلك يعتبر أن السنة الأولى من تطبيق المنهاج المعدل لم ت 'سنة تجريبية كما هو متعارف عليه تربويا؛ لأن
مسألة التعديل والمراجعة تتطلب إجراء تقويم للمنهاج السابق+ وبادوات منيجية موضوحية الل زف على الجوا
تحتاج إلى تغيير أو تعديل؛ كما أن التعميم تم مباشرة بعد صدور وثيقة المنهاج» في غياب تام لآليات تقبع تنزيل المنهاج
المعدل وإكراهات تصريف مغرداقه
إلى أنه رغم إقصاء الجمعية المغربية لأسائذة التربية الإسلامية من المشاركة في موضوع مراجعة منهاج
التربية الإسلامية خلافا لما ورد في الميثاق الوطني التربية والتكوين؛ فقد انخرطت الجمعية في تأطير أسائذة التربية
المعدل ضمن أولويات أنشطتهاء وعيا منها

تَ تواصلية مع السادة الأساتذة؛ أيام

شامع مر الدراسات والأبحاث وفرق البحث ا

 

 
     

 

     

   

   

 

 
 
  
 
 

 

 
"
2655-7.jpg," 
"
56d5478dd9f9a501965be7cbbb674cfb082d.jpg," 
"
%25D8%25B4%25D9%2585%25D8%25B3%2B%25.png," 
"
img_1389196492_930.jpg,"ش سا كلاج

 
"
hwaml.com_1336214078_863.jpg," 

الي فاص اطبا ماحد موسر دصرن

لا م

ل ات

ساي سا

ا ةدوم لفاح عر

رك جم يع يا للقي لط مي به
لايك فيد دين يبيد
‎٠‏ مل ل سب شوق لشيد.
امم ال
ل
ل

حيييد فديع ليا حاتجي سن .سير

قي العلري 0
لسعم

الفدق الى سيريا الطالب؛ اننع از
مسفزيات هدي لكات الدرسي :السو ؛ جما لمش .

ائع شا أ ضع ليم : لقائقة الل

 

 

 
"
attachment-2.php,"غبي اتفاجئ بعد زواجه بأربع
شهور ونص ان مراته ولدت
قالها : هاقتلك
ص قالتله : هفهمك
© أنا متجوزاك بقالي قد ايه ؟؟
‎١‏ 2 ""قالها: 4 شهور وَنص
قالتله : وانت متجوزني بقالك قد ايه ؟
قالها : 4 شهور ونضصض
قالتله : يبقي المجموع كام 9 شهور
قالها : يا بنت الإيه كنت هظلمك 0:

     
  

7
07

أ
"
%25D8%25A7%25D8%25AC%25D9%2585%25D9%-1.jpg," 
"
islam-10-300x300.jpg,"جذاذات التربية الإسلامية وفق
المنهاج الجديد - جميع المستويات

جريدة التربية
نافذتك على قضايا التربية والتعليم بالمغرب

تصمع.0م 5ع فاط بوزطاه-دل0 2
"
%25D8%25AE%25D9%2584%25D9%2581%25D9%-2.gif," 

لتر ب الإسلامدٍ مية

الصّفُ الأَوَّلَ الْابْتِذَانِيُ
الفَصّل الدَرَاسِيُ الأول

إِغْدَادُ
2 اع زر شري

7١٠7 ‏ها‎ 175/146
"
%25D8%25AE%25D9%2584%25D9%2581%25D9%-3.gif,"  

مام ©
"
77-10.jpg,"السؤال الأول :
أجب بكتابة الآيات المطلوية
قيها تربية عالية للصفح عن المسيثين والإحسان إليه
الى : ( ولا يأل أولو الفضل منكم ) إلى قوله : ( ألا تحبون أن يغقر الله لكم والله غفور رحيم ) ( 22 )
الزوج على زوجته بالزنا تستوجب الحد وهو: الرجم حتى الموت ولا يدقع عنها الحد إلا في أربع شهادات يالله أن زوجى
كاذب في اتهامى بالزنا
قوله تعالى : ( ويدراً عنها العذاب أن تشهد أريع شهادات يالله إنه لمن الصادكين ) ( 8)
3/ في تشريع حكم اللمان رحمة واسعة من الله يعياده حيت خلصهم من حرج كانوا يجدونه وضيق يعيشنون فيه
الى ( ولولا فضل الله عليكم ورحمته وأن الله تواب حكيم ) (10)
4/ يوم القيامة يتكر الذين يخوضون في أعراض المؤمتات فينطق الله جوارحهم
قوله تعالى : ( يوم تشهد عليهم ألستتهم وأيديهم وأرجلهم يما كانوا يعملون ) (24)
5/ آية تأمر بعدم دخول بيوت الغير يغير إذن من أهلها حفاطا على حرمة أهلها حتى لا يقم أهلها في الحرج
الى : (يا أيها الذين أمنوا لا تدخلوا بيوتا غير بيوتكم ) إلى قوله تعالى ( ذلكم خير لكم لعلكم تذكرون ) ( 27 )

السؤال الثاني :

1. قال تعالى في بيان حديت الإقك : ( وتحسيونه هينا وهو عند الله عظيم ) لم وصفه بأنه عليم ؟
لأن فى ذلك تدنيس لبيت النبوة ووصفه بأكير الكباثر

2 . كال تعالى : ( يعظكم الله أن تعودوا لمتله أيدا إن كتتم مؤمتين )

   

 

 

 

    
  

 

 

 

 

 

 
"
1482.jpg," 
"
hqdefault-1.jpg," 
"
8211-10.jpg," 

أكثر كلمه كنت أصدقها وانا صغير
""قول الحق ومش هنعملك حاجه""
بعدها أنضرب لحد ما أدووووخ وأنام

7

جاتو

8

1

 
"
5329-6.jpg," 
"
5535-4.jpg," 
"
3306.jpg,"سل حكيم من تُعزٌ من الناس ؟

ا
ومجالسته غنيمة
ونيته سليمة
ومفارقته أليمة

ان
و لل اداح
"
%25D8%25A8%25D9%258A%25D8%25A7%25D9%.jpg," 
"
947-1.jpg," 
"
838-9.jpg,"إطارات للشهادات و المناسبات الرسمية ‏

زخارف و أشكال متنوعة
زخارف إسلامية

##خطوط أجنبية مزخرفة

 

 

 

 
"
PIC-774-1366488846.png," 
"
img_1418380057_731.jpg," 

 

ب م 01 1
كٍِ 1121371
"
%25D8%25AA%25D8%25AD%25D8%25B6%25D9%-1.jpg,"حمامات مدرسية؛!!

: 9

 
"
1edf68c4a83ccbe410e5019aee5e8876.png,"عل وقد 2 اتح قال لأبوة --_
بايا أنا مذرس الحَسَاب طردني اداني صفر
راح أبوه سأله : ليه كده يابني)؟
قله : الاستاذ سيألني 2+3 كام ؟ قولئله 5

أبوه قاله : صح كده وبعدين ؟
الولد قاله : وبعدين سألني 3+2 كام ؟
فأبوه قاله : هي هي يا روح أمك
""ألو قل ما هوده اللي انا قولتهوله بلظبط

  
"
a7efdcc643.gif," 

 

 
"
6202-3.jpg,"يه سسا ال نا

 

مدرس بيسأل طالب

لو خيروك بين المال والعفل
ماذا تخا ؟

! ‏الطالب قال : المال‎ ١
‏ا 0 المدرس ابتسم وقال : أنا اختار الل‎
-: ‏الطالب ابنسم وفال‎
:[( ‏والله يا برنس كل واحد يختار اللي ناقصه‎

  
"
%25D8%25AC%25D8%25B0%25D8%25A7%25D8%.png,"لما تقوم من النوم من دون ماتقول
لامك صباح الخير :

 
"
%25D8%25A81.png,"سالو محشش : ما هو الحب
فقال هو عبارة عن حرفين

ح : حمار بيكدب
ب : بقرة بتصدق

 

علية قوة اقناع فظيعة !
"
sabah-islami-1.png,"لا لا الي

   

  
   
 
 
 

نادى الفلام: يا قتيبة ""هكذا بلا لقب"". فجاء قتيبة وجلس هو وكبير
الكهنة أمام القاضي ""جُمَيْع"". ثم قال القاضي: ما دعواك يا سمرقندي؟
قال: اجتاحنا قتيبة بجيشه. ولم يدعنا إلى الإسلام. ويمهلنا حتى ننظر
في أمرنا. التفت القاضي إلى قتيبة وقال: وما تقول في هذا يا قتيبة؟
قال قتيبة: الحرب خدعة وهذا بلد عظيم, وكل البلدان من حوله كانوا
يقاومون. ولم يدخلوا الإسلام ولم يقبلوا بالجزية. قال القاضر
قتيبة. هل دعوتهم للإسلام أو الجزية أو الحرب؟ قال قتيبة: لا, إنما
باغتناهم لما ذكرت لك. قال القاضي: أراك قد أقررت, و]:
عليه انتهت المحاكمة. يا قتيبة. ما نصر الله هذه الأمة إلا بالدين.
واجتناب الغدر. وإقامة العدل. ثم قال: قضينا بإخراج جميع المسلمين
رض سمرقند من حكام وجيوش ورجال وأطفال ونسا
الدكاكين والدور, وأن لا يبق في سمرقند أحدٌ على أن ينذرهم.
المسلمون بعد ذلك. لم يصدق الكهنة ما شاهدوه وسمعود! فلا شهود ولا
أدلة, ولم تدم المحاكمة إلا دقائق معدودة, ولم يشعروا إلآ والقاضي
والغلام وقتيبة ينصرفون أمامهم. وبعد ساعات قليلة سمع أهل'
ممرقند بجلبة تعلو وأصوات ترتفع. وغبار يعم الجنبات. ورايات تلوح
خلال الغبار. فسألوا. فقيل لهم: إن الحكم قد نُقْدَ وأنّ الجيش قد
انسحب. في مشهدٍ تقشعر منه جلود الذين شاهدوه. أو سمعوا به. وما
إن ريت شمس ذلك اليوم إلا والكلاب تتجول بطرق سمرقند الخالية.
وصوت بكاء يُسمع في كل بيتٍ على خروج تلك الأمة العادلة الرحيمة.
من بلدهم. ولم يتمالك الكهنة وأهل سمرقند أنفسهم لساعات أكثر.
4 0 د ذقنا 4ل اه انا

 
 

 
   
     
  
 

 

     
     
   

 
"
%25D8%25A7%25D8%25B3%25D8%25A6%25D9%.png," 
"
74898-8.jpg,"(اسئلة اسلامية؟!)
اختبر معلوماتك الاسلامية
"
357fadaeyat.jpg,"اا 0 ل لل زه ال
لل الي اه ا ا
ال ل زج الا لل لصالا

 
"
352.jpg,"      

يا خوي فيه وحده بالمنتدى مواضيعها حلوه وبين
عليها مثقفة ودي اخطبها بس خوف لا يصير كل

 

 
"
20160107-165.jpg," 

١-الله‏ واحد لا شريك له

 

دلائل وحدانية ا!
عندما تنظر فى السهاء تزرى الكوااب والنجوم تظهر بانتظام +
كل يوم من مكان واحد (مة الشرق ) + وتقيب فى مكان واحد (جمة الفرب ) +
الشمس على مسافة محددة من الأرض +
ع ل مرونة مصر التعليمية.
* ماذا يحدث لو :. إذا اتويت الشمس من الأرض ؟ - احترق (200- 80005-00010950
* اذا يحدث لود إذ بدت اليس عن الأرض ؟

   

ال

   
"
16d78d94874e7e2a5a80edaac81104ac.jpg," 
"
img_1416235011_194.jpg,"08

 
"
9d17bdabea90cbeba9f24792ebdbfdf9.png," 
       
    

  

1 إذا ماتركتي لي خطييع
الزوجه .. ترى بانضحج والمرشله
مقطع الفيديو وانتي تاكلين
طريح مع راس بصل ورويد

سام رمع دما/ه *دمينا
"
islamic+center.jpg," 

واحد في ليلة الدخلة يوم وصل هو وزوجته لبيت الزوجية

., كانت البنية مستحية ,, فدخلت يدون

ما تقول أي كلمة لغرفة النوم .. عاذ ( 36 ل بدا

 

أفكاره ورتب الكلام ويصة
01 005 018001010 10005 0
لمماستنا حب اليا

   
"
f81965a35c7fe926efe3eacd9b7160d0.jpg,"كس

رج

|
"
islam-4.png,"تخيّل معي لو أن نصاب الزكاة غير مشروط في الزكاة.
- ماذا سيحدث لأموال الناس؟
- ما الحكمة التي يمكن استخلاصها مِن وُجود التّصاب؟

2 يقول الله تعالى: ( وَحَاثا حَقَّهُ َو حِصََادِ. # [سورة الأنعام/ 141]
- ما هو نوع الزكاة المقصود في الآية؟ وما وقت إخراجها؟

3 رجل يملك خمسا وأربعين (45) رأسا من الغنم» وخمسا وثلاثين (35)

بقرة» وسبعا (7) من الإبل.
- ماهو مقدار الزكاة الواجب إخراجه منها؟

4 طلب منك عمّك أن تعينه على حساب المقدار الذي يخرجه من ماله بعد أن بلغ
التّصاب ومرّت عليه سنة كاملة. عِلْيًا أنَّ ماله يبلغ 600 ألف دينار جزائري.
ما هو المقدار الواجب عليه إخراجه؟

5 من خلال مادر. القرف بين © + ام وزكاة الحرث.

   
"
img_1386287358_817.jpg," 
  
  

وان _
انظ الله
الف اس

ا

10 070 89

54

 
 
 
"
1899.jpg," 

 

0

ب

 

 
"
img_1418380058_264.gif," 
"
5728-11.jpg," 
"
PIC-514-1374236807.jpg,"رخص تاليف الاجايات في الاملد

 

 
"
4930-10.jpg,"اذا كانت المدرسه ليست مكاناً لتوم

فالبيت ليس مكاناً للدراسه 6
© وحدد يوحد
خشمك نيوتن ( لكل فعل ردة فعل
#ما درست عبث ©
"
56f80278feb769235df997058995a39ff909.jpg,"في الحصة : 2-1+1
في الواجب : 1+1+2-<4

في الامتحان :

اشترى أحمد سلة تفاح أخضر , أكل سبع تفاحات حمراء واعطى خمس
تفاحات صفراء لمحمد , أحسب نسبة الأملاح في المحيط الهندي ؟!؟!

 
"
3311-5.jpg," 
"
5537.png," 
"
0113.JPG,"محشش سرقوا تلفونه بلغ الشرطه

قالو له : ولايهمك بنطلعه ولو من تحت

الارض_

وهو راجع البيت شاف في الطريق عمال
يحفرون

راح وقالهم :

شدوا حيلكم .. هو جالكسي لونه أسود.

 

© © لت اق ات اا ا اه © --
22 ""8
"
1482-1.gif," 

1

بوت تيراي يفن 5

يبعا 0""
7 يا
م را

ب
"
22-1.png," 
"
nokat-maghribia-7.png,"الحوار بين الزوج والزوجه ""ليله الدخله""
الزوج : ياااااه اخيراً الحلم ده هيتحقق
الزوجه : انت عايزني ابعد عنك ؟
الزوج : لأ.. ماتقوليش الكلام ذه تاني ابداً
الزوجه : انت بتحبني ؟

الزوج: أكييييييد
الزوجه : طب ممكن تفكر تبعد عني
الزوج : لأ طبعا
الزوجه : طب ممكن تديني بوسه
الزوج : طبعاً علي خدك كمااان
الزوجه : انت ممكن تفكر تضربني في يوم
من الايام ؟

الزوج : لأ طبعاً أنا مش من النوع ده من الرجاله
الزوجه : ممكن أثق فيك ؟
الزوج : أيوووووه
الزوجه : يا حبيبي 5:

الحوار بين نفس الزوجين بعد سنه
فقط اقرأه من أسفل الي أعلي

 

مصاعو
"
6202-6.jpg," 
"
%25D9%2585%25D8%25B0%25D9%2583%25D8%.jpg," 
"
%25D8%25B5%25D9%2588%25D8%25B1%2B%25-3.jpg,"تلات شباب قاعدين على باب عمارة
الأول حلو والتاني عادي والتالت بشع
فجأة طلعتلهم واحدة حلوة من البلكونة وشاورتلهم

 

الأول قال انا؟ قالت لا التاني قال انا؟ قالت لا التالت قال انا؟
قالت صح انت. انبسط كثير البشع و طلعلها بسرعة
بعدين وصل باب بيتها ودق الباب. فتحتله وبإيدها طفل صغير بيبكي
قالت للولدذ: همتسكت ولا أخللى العو ياكلك؟

: 7ح
"
20160107-128.jpg," 

| ‏نشد الزب وتكشف الكرب‎ ١

:0 الل
"
dahk.jpg," 
"
screenshot_03," 

ضر مضي 2*7
ا
موصو +ع 0س
8*

لخي + كب الا

ذه ل عد د لأا جد رو ع1 قل إلا 178 2 8# 7 0 غات
امزم رو ا زنفا لالرتليرل لرلرن ‎١٠١٠:‏ :

اث عل ما #* ل نك ل
+ © طه كز ©

© © وا+ حي سي وي د سم د ©
ع4 ع قز ل قد + هت جو ++ + ا
دو ل أ > الل اذ ا تت ف قم مضه
شي + !و ++
+ ذخ«دعو ©

     
 
  

2 0 © .< 5 + 5

    
 
  
 
  
 
  
 
 
 
     
  
 
 
 
 
 
  
   

 

  

 

 

‎٠‏ © 9 ا
© 022532
“تس +#ضعدو وب

‏وي« سمو
صن اق ل تقد + حت متو ++ + توا
قي > الا لات و أ قم # ا ر؟ ضف«
ض + ل خض ةا + تت يل كلاق + 19 دذذذ+
تت تت سم ايز قتا دح ل ى ي“ ل
تا ا ا ياي اذ يإ همه ص ض إ 2 يق 9
#السع1 و و بن لجسلا جح م را
وا و ؟ + © ل ولد © #
بايذ تا © © 45 0 8 © 7ا:
ان اها لانو مرجع
قا + وا إن مب يتس +ذو ع ©

‎ 
‎  

‏انا

‎ 

‎ 
"
islam-27.jpg,"ربي هناك ضيقة اتعبتني وابكتني
ف يارب ارح قلبي وابعد عني ما يؤلني

2

عطس معط ع سس ععلاة ©
"
2287-12-310x165.gif," 
"
%25D8%25AD%25D9%2584%2B%25D8%25A7%25.PNG,"طق((111) اليا مسي 81ل ممست

 
"
420-8.jpg,"أنكار

 
"
golden_border_frame_7_vector_532060.jpg," 
"
img_1386287354_601.jpg," 

 

 

 
"
1-488.png," 
"
2410-2.jpg,"ررب

النسبة المنوية للمسلمين من مجموع عدد السكان
قر :0# 4ف 6 .4 ءالا
| | ل[

 
"
kids.jo.gif," 
"
shof_876fe169355d036.jpg," 
"
img_1418921744_767.jpg," 

انا بالابتدائي اذا بنت اعطتني مساحة بالفراولة:
الموج

فددد 8

 
"
20160106-44.jpg," 
"
1380219611231.jpg," 
"
15-91-1.jpg," 
"
HIlYUO5dJIaC9DiKdv8vHXo9exH0afZf4OoL," 

 

 

يت ل الا

 

 
"
547-4.jpg,"مصادر النظرية
التريوية الإسلامية
"
10.jpg," 

الثقافة الجنسية الإستلامية
و السعادة الزئ جية المنشو ل
"
hwaml.com_1354752149_329.png," 
"
images-2-4.jpeg," 
"
24.jpg,"اا ا زا
ثقيلتآن في آلميزآن
وحن اله للا

""سبحآن الله وبحمده..سبحآن الله العظي م""
"
PIC-610-1384496215-310x165.jpg," 

 
"
86YDRvUlzehMWEvRw3-11wHaHa.jpg," 
"
256%2B%25D8%25B2%25D8%25AE%25D8%25B1.jpg," 
"
islamic-pictures-do3a15.jpg," 

هج رالا
"
ogqr.jpg,"م 0 م1 ل

  

حج<7؟؟ ا 3
لاا 0
وا 35 0 7 0

ا و م 0

7 درت
"
hwaml.com_1336214077_949.jpg,"محشش سرقوا تلفونه بلغ الشرطه

قالو له : ولايهمك بنطلعه ولو من تحت

الارض_

وهو راجع البيت شاف في الطريق عمال
يحفرون

راح وقالهم :

شدوا حيلكم .. هو جالكسي لونه أسود.

 

© © لت اق ات اا ا اه © --
22 ""8
"
b780bd6fdc90d7cdf357d9e6ddcdb74d.jpg," 
"
Photos-Wallpapers-Islamist-3.jpg," 

السَّلَامُ عَلَيْكُمْ
وََحْمَةٍ اللو
0 وَبَرَكَابتُ

8
© © ٠ ‏ب‎

ٍِ سّ َم اولك الكوعحتي:
ٍ تمقو محانتكر ‏ فلنتوقف

2
َيَرَكَارُ 8 اوم معز
ُ فاغف عِنا عد لصوتت

 

 
"
islamia-mz5rfa-4.jpg," 
    

وقف أعرابي معوج الفم أمام أحد الولاة فألني ©
عليه قصيدة في الثناء عليه
التماساً لمكافأة,ولكن الوالي م يعطه شيئاً
وسأله:ما بال فمك معوجاً فرد الشاعر
#«عله عقوبة من الله
ل لكازة الثناء بالباطل على بعض الناس.  ‎٠‏

 

 

 
"
996687340.jpg," 
"
2473-1.jpg," 
"
img_1386287356_333.jpg," 
"
%25D9%2585%25D8%25AC%25D9%2585%25D9%.webp,"واحده بتقول لجوزها امبارح صحباتي
كانوا عندي وكانوا معجبين بجمالي
واناقتي
قالها: والحاجات المعفنه متكلموش عنها

قالتله: ابدا اصل مجبناش سيرتك خالص
وهنا وقف إبليس متعجبا ومصفقا لها
"
60cf77346cd3298b214de5343448e32cc8e7.jpg," 
"
1.jpg," 

عن أي الدرداء عن النبي صلى الله عليه و سلم قال
أيعجز أحدكم أن يقرأ في ليلة ثلث القرآن ؟ قالوا : و كيف يقرأ ثلث
القرآن . قال : قل هو الله أحد تعدل ثلث القرآن

زواه ملم
"
63.JPG," 

 

 

 

 
"
1482-3.gif," 

* + © * ©“

يي © م اتصدم

 

ل رعاية المسنين

توقير كبار السن والعجزة وصرف أقصى اهتمام وأبلغ عناية بهم لتكريمهم فى

بد جل 8

من نحن

 

المتواجدين الآن: 1 البرامج المقدمة من اللجنة خلال العام الحالي
ا ارات اليوم: 3 0 ب اليومم الوطتي اسبوع المرور سقيا الضمات مهرجات التنمية الترقيّهيى

 
"
islam-17.jpg,"ملخصات دروس مادة التربية الإسلامية وفق الإطار المرجعي
قصد السنة الثالثة إعدادي,.

الاستتناس الأستقا: عبد لله ونيد
بها
"
3dlat.net_06_15_c2ac_66.jpg," 
"
%25D9%2585%25D8%25B5%25D8%25A7%25D8%.jpg," 

اتا

 

 

    

 

وم لمم ع ام كا

جا اد صم مضا جاه لمتحي اموا مجو صا بائذ ادي امار
واد هد مهب جبذ1 : «ممساريام تيبي تا بجر جبد متصجاذ احتجال

 

 

 

 

بلا فزق 2
اسلامية نيه توي زغرى 216

 

 

 
"
%25D9%2583%25D8%25AA%25D8%25A7%25D8%.jpg," 

فصلى بهم المغرب. وبعد أن قرأ الفاتحة قرأ قوله تعالى:
(وقالوا ربنا إنا أطعنا سادتنا وكبرآءنا فأضلونا السبيلا) +
وبعد أن قر أ الفاتحة في الركعة الثانية قرأ قوله تعالى:
(ربنا آتهم ضعفين من العذاب والعنهم لعناًكبيًا).
فقال له الأمير: 'يا هذا. طول ما شئت واقرأ ما شئتء
غير هاتين الآيتين"".

 

 
"
6r7j.jpg,"اله ون سير بيقرر لان ال

آنا شوفت بابًا بيحضن السكرتيرة ويبونتها
قالتله لما بايا يرجع قول الكلام دا قد امه
رجع الراجل البيت
والست قالت لأيِنهَا قول شوفت ريه
الولد قال
شوفتك بتحصن السكزتيرة وتَبوسَها
زي عمو سعيد بيعمل مع ماما
كل يوام وانتابهٌ الشغل

 
"
img_1416746049_487.jpg,"‎٠‏ ماي
ا اقم

‎ 
"
2053.png," 
"
3b356a9ee49b45216b9c9975f143fe67489d.jpg,"     
  
     

جع بعد كدا لو شوفنا

ومسر يه دسي ‎٠.‏

هانقوله :
تلاقي امك اللي جيبهالك
"
08.jpg,
%25D8%25AE%25D9%2584%25D9%2581%25D9%-1.gif," 

 

 

 

 
"
PIC-925-1411276242.jpg," 
"
74898-6.jpg," 
"
Islamic%2Bdecorations%2B%252816%2529.jpg,"زوروا 1/0/1/.1/1/85117.6017//ا للمزيد 7

حول ظاهرة انقطا2 الكهرياء أيام الامتحانات

        
 
    

إمتحانات الثانوية
بدت أهبه , ياللا بقى
اقطعوا التودعلى

الششلليع مضع

سسب ليا الس الي اسلجم ضيفب التفف مايا الال

 
"
15-91.jpg,"واحد بيتقدم لواحذه
ابوها قاله: طب دى مناسبه تاكل فيها لبانه .. قاله: لازم بعد السيجارة
قاله: وكمان بتدخن ؟ .. قاله:على خفيف مع الويشسكى
قاله: وكمان بتسكر ؟ .. قاله: لما العب قمار بس
قاله :من امتى؟ .. قاله: من اول ما خرجت من السجن
قاله: ودخلت السجن ليه ؟ .. قاله:قتلت واحد طلبّت ايد بنته ورفض

 

 

ان
قاله: عالبركه نقرا الفاتحة
"
7660_351896084911231_1680420004_n.jpg," 

يم
2 و

غلب ها
"
am%25C3%25A9ricain-14-7.gif,"ا ا د ا ل ل
دور الإماراتٍ العَرَبِيّةِ المُتَّحدَةِ في مُسائَدَةٍدُوَلِ العالّم العَرَبِيٌ وَالإِسْلامِيٌّ:

 

لم الى على قز لمارا لتر ااه يت كي ذآآت الود ل إْكانياتها لَوْفير مُبْلٍ
ا الكل شّنيها في كا اداه ناث قل ولف لتر كن الله تعالى
تبث المكر قري زَاهَتلٌ: قال تعالى: 8 أمملواءال داود شر * حب دنا .لكر يني الاغتراف
مخ ا ب
الشمَة ْنم وَاسحْمالها في طاعَتهء وما مِنْنِعْمَةِ ْم الله تعالى بها عَلى دَوَْةِ الإمارات المرََِّةٍ امُتحِدَةٍ
‎٠ 2: 0 5 ََ 6 07‏ ءُُ
ا شَكَرَنْها سود بذلا مِنْ أَمُوالها وَخَيْراتها وَدِماءٍ أَبنائِها؛ لإسُعاد المَنْكُوبِينَ وَالمُحْتاحِينَ في الدّوَلِ
لعرَِيَّةِ الإشلاييّة؛ افيد الي ل الذي أَمَرَبالَمشُكِ بالأمَِ. والإقدام عَلى الَمَل. فال : «إِنْ قَامَتُ
على أَحَدِكُمْ ْم في َو ل سه (زوة أحْتث).

 
"
maxresdefault.jpg,"اح لكا .
'! 2 ها را و 57
ل

 

و را رتم ض
سر ال اا
بلك -

مم سس
"
3737-3.jpg," 
"
kj_UekaYwop14o0yHHpHTNrXlPuhWDP3X_R7," 
"
%25D9%2585%25D8%25AC%25D9%2585%25D9%-2.webp," 
"
hqdefault-3.jpg," 
"
3106.jpg," 

المغرب و الأندلس
في عام 1120 م
"
44-300x225-1.jpg,"من رجمة الله بنا أنه لا يعاقبنا عل ىكل ذنب
أحدثناه وما أصابنا من البلاء فهو بذنوبنا
قال النبي صلى الله عليه وسلم ؛:
ب الايصيب عبداً نكبة فما فوقها أودونيا
الربذنب وما يعفوالله عنه أكثر”

لقي

جسنه الألباني

ا 4 ِ
مد ذال مهم مما وا ب ل
"
img_1428205482_529.png," 
"
islam-8.jpg," 
"
20160807-272.png," 

.  ةثالل‎
"
%25D9%2585%25D9%2584%25D8%25AE%25D8%-1.JPG,"الهم أرفع أحبني بالذكر""
وبارك لهم في العمر

 
   
"
1482-4.gif," 

 

 

وعن عائشة ؛ رضي الله عنها ؛ قالت: قال رسول الله صل

الله عليه وسدم: ( لا يغني حدر من قدر ؛ والدعاء ينْفع
مما نزل ومما لم ينزل وإن البلاء لينزل فيتلقاه
الدعاء فيعتلجان إلى يوم القيامة ).

( اخرجه الحاكم وحسته الألباني)

* ( يُعتلجان ): يتدافعان.

 

 

 
"
1woIp9La5wdBTTVpCgGQegHaMR.jpg," 
"
is.jpg," 
"
3737.jpg," 
 
  
      

- عن القرآن بعيدا
لماذا تضيق صدور ناا بلا سيب

1.

ال
"
3.png," 
"
7ae633907c7cb794d4579bb5e83177938756.png," 

   
"
23122005-120326-2.jpg,
3303-3.jpg,"ابو ياسر وصل البيت قال : ام ييار وحشانى.يلا تعالى ادينى بوسة
قالت له : يَاسر فى البيت
راح زعق قال : ياسر روح اقف فى البلكونة و قولى ايه اللى
بيحصّل فى الشارع + راج:يَاسر بدأ يتكلم بصوت عالى
واحد راكب عجلة و واحد بيغسل العربية و واحد بياكل
بعدين قال عمى ابو ناصر بيبوس ام ناصر ٍ
ابواياسر راج جرزى بستراعة زى المتجنون قالها: و شفتهُمٌ ازاى ؟؟

 
 
    
 

آ89
الوا0 النونو
ميري

  

رد يار : ماشفتهمّش بس شتفت ناصر وَاقف فى"" البلكؤنة
1 م.ق الواد النونو اعلن جنونو
"
8743-610.jpg," 
"
728420358.jpg,"ملخصات في مادة التربية الاسلامية سنة 5 ابتدائي
الفصل الأول

الدروس المعنيّة بالمراجعة:
© لقمان يوصي ابنه

©- الإيمان باليوم الآخر.

« الع

© الإيمان بالقضاء والقدر.
من حياة نوج عليه السّلام.
> سورة اللد.

- من أفعال المؤمنين.
أحب أسري.

من يسر الإسلام.

زكاة الفطر.
"
13003.jpg," 
"
20160107-164.jpg," 
"
Electric.jpg," 
"
img_1419386969_607.jpg,"  
  
 
  

   

يا

 

 

حاجة اخدها
هعضن زوردى
"
3077.jpg,"     
 

وأقرب جنب ودنها وأقول :
"
%25D8%25AF%25D8%25B1%25D8%25B3%2B%25.jpg,"161065 عصصتصم
©-8010060706©

3

هذا الي يقولك يارجال درجات دنيا اع يع

 
"
sabah-islami-13.jpg,"و . ذذاب ا لبن © -تا (_ه ‎١‏ ا 0 ا ا ا

فتحت زوحجته الباب

قال:شرايك بالبقره ؟ قي

قالت:ياغبي لوي مع

شال: انطمي جالس ‎١‏ ص8
هه سه هه حسة حها متا هس
"
jor1jo-2b6df5aa26.gif," 
"
3d04cb5fb1db781af83b32d295f1acc89da4.jpg,"أثناء الحروب الصليبيه وفي شده القتال بين
صلاح الدين وريتشارد قلب الأسد

أصيب ريتشارد بطلقه في يده فصرخ بأعلي

فرد عليه صلاح الدين : شت الحبايب يا حبيبه
فضحك ريتشارد وضحك صلاح الدين

.2م وضحك الجنود وتم تاجيل الحرب

0 (ًَ وماتت فايزه أحمد مشلوله
يلا

 
"
img_1418380058_643.jpg," 
"
%25D8%25AE%25D9%2584%25D9%2581%25D9%-5.gif," 
"
PIC-825-1466859136.png," 
      

قابلك قبل لا اجلمسه

تحدير شنب بس
"
e04f89894dcdca5f8d59894e5c82a5a3.jpg," 
  

  
 

لمانتجوز
مش عايزه أولر

لرطبيجى م ب

طلز
ار

 
"
3249.png," 
"
8410_351898198244353_510287089_n.jpg,"واحد مشى للقاضي بش يطلق مرتو
ا ل ل م ل ا
وجا لاا
م ل
"
3dlat.net_30_17_e8b5_cbd9c93b01fd7.jpg,"الحَمَّدُ الله
الذي لا يُصرف عنَا شَيثًا الأ لحكّمه

و
#ن 0 .1 213

الحَمد الله

 
"
KUX21NRxUGZvygsNjX9yGwHaHS.jpg," 
"
53ed2d357861a9b440366d61f1b89a89.jpg," 

حجرة من منزل الرسول صل الله عليه وسلم
"
56776fadaeyat.jpg,"جد صرحي ا ام
خلقني وإذا إحتقرتني من
"
s_495.jpg,"أركان الإسلام القمسة

ذ- المع و2 حة اليت
من استطا

 
"
1428788.jpg,"أنا نيد
افراخ واعراس

‎١١‏ يني ‎١‏ ا
"
0214578;lkjy.jpg,"تلمية بيقول لمامته تعالى ع
مايا الجمدرسه بره 7

قائه: له يا كج ‎١‏ وح
قالها. المستر قال اللى مش

 

 

 

1 مصرية كك 0335 5ة0.2001/001301]
"
138021961194.png,"   

     

لفو ق حياط عسشان تسر علاقتن ‎١١ ١‏ لائعر نشيل
الخواجب ...جمدي | لحواجز الاي بيناتنا ! ‎٠!‏

ل
"
3868-4.jpg,"عاق لبر
"
375814383.png," 
"
903.png," 
"
279-12.jpg,"البنات ؟؟

قال الشب منصيدهم صيد !!

المهم نزل المحشش على السوق
... و شاف بنت حلوة؛؛ رمى عليها
حجر

أجى عراسها..

ونزل دمها و الناس التمت عليها ..
المحشش شاف هالمنظر ركض
عليها

وهو عم يصرخ :.

بعدو عنها يخرب بيتكن أنا يلي صدتها أنااا..
"
Islamic%2Bdecorations%2B%25281%2529-1.jpg,"عا برا
“ا اعغمع)طح للا 16 ب بي /0027

لإقللا 16
2 1200م ><
9 كن ا انط اا

 

 

 
"
%25D9%2585%25D9%2584%25D8%25AE%25D8%.png," 
"
PIC-208-1374236802.jpg,"البنت نفسها تتجوز واحد
عنده شقه وعربيه ورومانسي وأمور ودمه خفيف

والولد نفسه في واحده
تعرف تلعب بلاي ستيشن
طموحتنا بسيطه وربنا [:
"
PIC-680-1466858737.png," 
"
OKuPp2qhJdVB5YOZFBRuJn910SCdtWIT08Mu," 
"
1006-2.jpg,"واحد بيقولي شايف البت اللي هناك دي

 

قولتله اه مالها
قالي : أول ما شافتني ضحكتلي
قولتله : عادي
أنا أول ما شوفتك فضلت 3 ايام ميت علي
"
352-10.jpg,"التربية الدينية الأسلامية
الصف الثانى الأعدادى
الترم الأول

[ إعداد /أجمد فرج.

مذكرة التربية الاسلامية للصف الثانى الاعدادى

ترم اول ‎1١١‏ أ. أحمد فرج

أ تا 7 7
"
32c8fc3d8adf9bb472a33900f0186f005b7d.jpg," 

ارين
"
6581d1693993bec017035b5ad14f0210.jpg,"2 يقول الله تعالى: نظ وَحَارا حَفَّهُيَوٌسَ حِصََادِ. » [سورة الأنعام/ 141]
ا عا امسا
3 رجل يملك خمسا وأربعين (45) رأسا من الغنم» وخمسا وثلاثين (35)
بقرة» وسبعا (7) من الإبل.
- ما هو مقدار الزكاة الواجب إخراجه منها؟
4 طلب منك عمّك أن تعينه على حساب المقدار الذي يخرجه من ماله بعد أن بلغ
التّصاب ومرّت عليه سنة كاملة. عِلْيًا أنَّ ماله يبلغ 600 ألف دينار جزائري.
"
%25D8%25B5%25D9%2588%25D8%25B1%2B%25.jpg," 
"
1460-2.jpg," 

 

 

   

17070 دورة التداول

 

 

علق كلتل نم قشي أي فراع
5 وار 2 1 ملين بوكر اول افج

 

 

 

 

 

 
"
DPiaCZRPIvrStGjmc6WygAAAAA.jpg," 
"
download-3-2-768x480.jpg,"ب لَشضاصِ

ونا وود
الشوزى 8
شملته رحمتك ومغفرتك

واعتقنا ووالدينا من النابي

©2011

 
"
3886-4.jpg," 
"
01245776.jpg," 
"
islamic+center-1.jpg," 
"
13100-1.jpg,"4 محششين فتحو محل لبيع الدجاج وحطو في كل
دور كاشير دخل زبون وقال أبي دجاج : قال
المحشش : حي ولا ميت ؟ قال : ميت , قال : في الدور
الثاني . راح وقال : أبي دجاج ميث . قاله المحشش ؛
مبرد ولا مثلج ؟ قال مبرد . قال بالدور الثالث . راع

لثالك وقال : أبي دجاج ميت ومبرد , قاله المحشش : ا
مقطع ولا لا ؟ قال : مقطع قال إطلع لدور الرابع . طلع ابماس
لرابع وقال : أبي دجاج ميت ومبرد ومقطع , قال ا

المحشش : أصلا ماعندنا دجاج بس أمانة أمانة وش

رابك في التنظيم ؟!!

قسم لكر المعل قَََ

 
   
"
2655-5.jpg,"أَكركتبات البنات !11

 
"
islamic%2Bdoaa%2B2.jpg,"مذكرات التربية الأسلامية

النكة الاولى تتوستط< الجيل الثاني

من /عداد : الأستاذة نجمة معيريف و اخراج
وس الأشكلا مخلر تند
"
308577_144426655652624_679066626_n.jpg,"    
 

  
  

ماذا يجب ان تفعل؟'
"
%25D8%25B5%25D9%2588%25D8%25B1%2B%25-2.jpg,"طرائف التحوبين:
زار أحدهم نحويًا مريضًا؛ فقال له: ما الذي تشكوه؟
فقال النحوي: حمى جاسية؛ نارها حامية؛ منها الأعضاء
واهية؛ والعظام بالية.
فقال له الرجل: لا شفاك الله بعافية. ياليتها كانت الا

 
 
 
 
"
9b1c91e173d6b6feffc7e3d3e7acf332.jpg," 
"
hqdefault167-310x165.jpg,"اللفخٍ ؛

20 2 2

أنت وبي 6010 إل أنت نت خَلقَ وأا عَلَ ان

ع

على عَمُدِكَ د ما اسْتَطْعْبُ ‏ أَعُوذْ بك من

22

#2

ا

   

شرَمَا صَنْعُتٌ أو ينمت يدي . |

ري ين نوب إلاآنت تنا

|]

 
"
4526-6.jpg,"ملخصات دروس مادة التربية الإسلامية وفق الإطار المرجعي
كيك السنة الثالثة إعدادي.

الاستتقاسن | دعست
بها
"
2sra.blogspot.com.Photo.Caricatures..jpg," 

امور تجن اج اسان قم عر يا ارم صر ب
كنب فصت ءا ل

ا
- 101002857800

مقلم
51م ا1ف0م المقناة

       
"
2WwJHuVMJU0KgLsJ4OqxVgHaD4.jpg,"بنات الأيام دى تقولك انا رايحة الجامعه
تحط : كريم شعر ؛ كريم وش ؛ كريم أيدين ؛ كريم
كحل 3 ألوآن ؛ مآسكره ‏ أيشآدو 100 لون

رموش صناعى .. بودره ؛ كريم أسآس
روج ؛ ملمع ؛ مثبت ؛ مقوي ؛ مكبر شفآيف

أسمنت ؛ حديد ؛ رمل ؛ طوب ؛ مسآمير

واى حاجه فى وشها ف البيت تحطهآً

وفي الأخر تقولك "" :أنآ جمآلي طبيعي
2 ""ومش بحط مكياج أوفر
"
3062624.jpg,"0

قل ؛ كلا » أردت أن توجه عبيدك
مسك .

 
"
